ticket_id,summary,description,priority,issue_type,project,component,customer_tier,created_hours,channel,final_team,sla_breach,created_timestamp
1,VPN connection drops repeatedly,the service becomes unreachable every few minutes. The issue is currently affecting several users.,Medium,Network,Platform,Load Balancer,Enterprise,22.45,Chat,L2-Network,Yes,2026-08-29T11:09:04.863699+00:00
2,Printer is unavailable,the issue affects a single employee workstation. The customer has already tried restarting the service.,Medium,Hardware,Workplace IT,Laptop,Standard,10.48,Jira,L1-Hardware,No,2026-08-30T19:48:40.381217+00:00
3,Notification jobs are delayed,logs contain repeated server errors. The issue is currently affecting several users.,Medium,Application,Customer Portal,Notifications,Standard,23.03,Chat,L2-Application,Yes,2026-09-11T14:48:42.033525+00:00
4,Notification jobs are delayed,the application worked yesterday but now fails for multiple users. This started after a recent configuration change.,High,Application,Customer Portal,API,Business,13.21,Portal,L2-Application,Yes,2026-09-03T17:56:10.038620+00:00
5,SSO login returns access denied,the account may have incorrect permissions. The issue is currently affecting several users.,Medium,Access,Identity,Password Reset,Business,9.46,Email,Security,Yes,2026-08-27T05:24:53.143040+00:00
6,Checkout returns an error,customers are unable to complete the workflow. The support team has attached the latest logs.,High,Application,Customer Portal,API,Standard,17.03,Chat,L2-Application,Yes,2026-09-16T17:17:23.579901+00:00
7,Password reset link is invalid,the event should be reviewed for security impact. The support team has attached the latest logs.,Medium,Access,Identity,Password Reset,Enterprise,24.18,Chat,Security,Yes,2026-09-06T00:20:11.519658+00:00
8,MFA challenge is failing,the user receives an access denied response. The problem is reproducible from the production environment.,Low,Access,Identity,MFA,Business,23.67,Jira,Security,Yes,2026-08-23T13:43:47.553589+00:00
9,Search results fail to load,customers are unable to complete the workflow. The support team has attached the latest logs.,Low,Application,Customer Portal,Search,Standard,29.12,Portal,L2-Application,Yes,2026-09-10T21:08:46.710781+00:00
10,Password reset link is invalid,the account may have incorrect permissions. The problem is reproducible from the production environment.,Medium,Access,Identity,Password Reset,Business,34.83,Chat,Security,Yes,2026-08-31T22:11:04.894164+00:00
11,Replication is lagging,the scheduled backup did not complete successfully. The customer has already tried restarting the service.,Low,Database,Data Services,Backup,Enterprise,3.5,Email,L3-Database,No,2026-09-17T21:19:55.983803+00:00
12,API requests return HTTP 500,the UI shows an unexpected error message. This started after a recent configuration change.,Low,Application,Customer Portal,Checkout,Enterprise,5.74,Chat,L2-Application,No,2026-08-23T14:16:23.435145+00:00
13,API requests return HTTP 500,the same request succeeds after a retry. The issue is currently affecting several users.,Medium,Application,Customer Portal,Search,Standard,31.56,Email,L2-Application,Yes,2026-09-15T13:51:06.965533+00:00
14,Docking station disconnects,restarting the device did not resolve the problem. The issue is currently affecting several users.,Medium,Hardware,Workplace IT,Dock,Standard,29.09,Jira,L1-Hardware,Yes,2026-09-18T04:16:02.734272+00:00
15,Database queries are timing out,the issue is affecting reporting and analytics. The support team has attached the latest logs.,High,Database,Data Services,PostgreSQL,Business,11.93,Chat,L3-Database,Yes,2026-09-05T10:53:21.322068+00:00
16,External monitor is not detected,a replacement may be required if troubleshooting fails. The issue is currently affecting several users.,Medium,Hardware,Workplace IT,Monitor,Business,7.61,Portal,L1-Hardware,No,2026-08-31T00:37:14.330238+00:00
17,External monitor is not detected,the issue affects a single employee workstation. The issue is currently affecting several users.,Medium,Hardware,Workplace IT,Monitor,Business,33.53,Email,L1-General,Yes,2026-08-25T01:06:40.525429+00:00
18,External monitor is not detected,restarting the device did not resolve the problem. The problem is reproducible from the production environment.,Low,Hardware,Workplace IT,Printer,Business,14.16,Email,L1-Hardware,No,2026-09-08T21:14:45.519983+00:00
19,Backup job failed overnight,the scheduled backup did not complete successfully. This started after a recent configuration change.,Low,Database,Data Services,Backup,Business,16.94,Jira,L3-Database,Yes,2026-09-04T13:31:05.129188+00:00
20,VPN connection drops repeatedly,users cannot stay connected to the corporate network. The support team has attached the latest logs.,High,Network,Platform,WiFi,Enterprise,23.32,Email,L2-Network,Yes,2026-09-19T13:33:59.002862+00:00
21,Reports are running much slower,replica data is several minutes behind primary. The customer has already tried restarting the service.,Medium,Database,Data Services,Query Engine,Enterprise,22.42,Jira,L3-Database,Yes,2026-09-03T06:51:29.568599+00:00
22,Laptop will not power on,the device worked earlier in the day. The problem is reproducible from the production environment.,Low,Hardware,Workplace IT,Keyboard,Enterprise,4.0,Portal,L2-Network,No,2026-09-01T00:03:34.069701+00:00
23,Laptop will not power on,the peripheral is intermittently unavailable. This started after a recent configuration change.,Medium,Hardware,Workplace IT,Printer,Standard,5.98,Jira,L1-Hardware,No,2026-08-24T10:32:25.782656+00:00
24,MFA challenge is failing,login works for other accounts but not this user. The customer has already tried restarting the service.,High,Access,Identity,SSO,Enterprise,11.3,Jira,Security,Yes,2026-08-23T07:08:21.983084+00:00
25,Reports are running much slower,transactions are waiting longer than expected. The support team has attached the latest logs.,High,Database,Data Services,Query Engine,Business,11.52,Portal,L3-Database,Yes,2026-08-31T02:28:39.181583+00:00
26,Backup job failed overnight,connections remain open after requests finish. This started after a recent configuration change.,High,Database,Data Services,Replication,Standard,2.26,Portal,L3-Database,Yes,2026-09-10T11:08:41.386222+00:00
27,Reports are running much slower,transactions are waiting longer than expected. The issue is currently affecting several users.,High,Database,Data Services,Replication,Standard,34.45,Portal,L3-Database,Yes,2026-09-17T00:04:08.950927+00:00
28,DNS resolution failing for internal service,packets appear to be dropped intermittently. This started after a recent configuration change.,Low,Network,Platform,Load Balancer,Business,1.23,Chat,L2-Network,No,2026-09-09T01:34:05.760405+00:00
29,API requests return HTTP 500,the application worked yesterday but now fails for multiple users. The issue is currently affecting several users.,High,Application,Customer Portal,Authentication,Business,24.68,Portal,L2-Application,Yes,2026-09-13T12:47:42.915223+00:00
30,Database connection pool is exhausted,connections remain open after requests finish. The problem is reproducible from the production environment.,Medium,Database,Data Services,Backup,Standard,34.0,Jira,L3-Database,Yes,2026-08-31T20:59:09.232038+00:00
31,Database queries are timing out,transactions are waiting longer than expected. The problem is reproducible from the production environment.,Medium,Database,Data Services,Replication,Enterprise,17.05,Chat,L3-Database,Yes,2026-09-15T20:31:46.946472+00:00
32,Reports are running much slower,connections remain open after requests finish. This started after a recent configuration change.,High,Database,Data Services,MySQL,Business,31.03,Chat,L3-Database,Yes,2026-09-03T22:00:23.964176+00:00
33,Docking station disconnects,restarting the device did not resolve the problem. The support team has attached the latest logs.,Medium,Hardware,Workplace IT,Monitor,Enterprise,32.2,Email,L1-Hardware,Yes,2026-08-27T12:28:32.321988+00:00
34,DNS resolution failing for internal service,the service becomes unreachable every few minutes. The customer has already tried restarting the service.,Low,Network,Platform,Load Balancer,Enterprise,35.96,Chat,L2-Application,Yes,2026-09-03T04:50:46.701530+00:00
35,User cannot access internal application,the event should be reviewed for security impact. The customer has already tried restarting the service.,Medium,Access,Identity,Password Reset,Business,3.26,Email,Security,No,2026-09-11T01:38:13.873332+00:00
36,API requests return HTTP 500,the UI shows an unexpected error message. This started after a recent configuration change.,High,Application,Customer Portal,Notifications,Enterprise,5.0,Chat,L2-Application,Yes,2026-08-25T23:04:36.874736+00:00
37,User cannot access internal application,the event should be reviewed for security impact. The customer has already tried restarting the service.,Medium,Access,Identity,Password Reset,Standard,6.63,Portal,Security,No,2026-09-16T21:07:02.085717+00:00
38,Replication is lagging,the issue is affecting reporting and analytics. The problem is reproducible from the production environment.,Low,Database,Data Services,Replication,Standard,21.66,Portal,L3-Database,Yes,2026-09-05T20:15:09.978832+00:00
39,MFA challenge is failing,the authentication flow stops before completion. The support team has attached the latest logs.,Low,Access,Identity,MFA,Enterprise,32.76,Chat,Security,Yes,2026-09-09T14:53:30.189395+00:00
40,Laptop will not power on,the device worked earlier in the day. This started after a recent configuration change.,Medium,Hardware,Workplace IT,Laptop,Standard,9.7,Jira,L1-Hardware,No,2026-09-05T04:37:24.657880+00:00
41,Backup job failed overnight,connections remain open after requests finish. The problem is reproducible from the production environment.,High,Database,Data Services,Backup,Enterprise,7.23,Jira,L3-Database,Yes,2026-08-28T14:47:06.772709+00:00
42,SSO login returns access denied,login works for other accounts but not this user. The problem is reproducible from the production environment.,High,Access,Identity,Password Reset,Enterprise,16.01,Portal,Security,Yes,2026-09-12T08:26:47.564362+00:00
43,Database connection pool is exhausted,replica data is several minutes behind primary. The issue is currently affecting several users.,Low,Database,Data Services,Backup,Standard,22.64,Jira,L3-Database,Yes,2026-09-16T16:24:33.692420+00:00
44,Docking station disconnects,the issue affects a single employee workstation. The issue is currently affecting several users.,Medium,Hardware,Workplace IT,Dock,Business,25.85,Chat,L1-Hardware,Yes,2026-08-28T08:47:18.628908+00:00
45,Keyboard stops responding,the peripheral is intermittently unavailable. The customer has already tried restarting the service.,Medium,Hardware,Workplace IT,Dock,Standard,33.24,Email,L1-Hardware,Yes,2026-08-30T07:55:16.379343+00:00
46,Backup job failed overnight,the scheduled backup did not complete successfully. The support team has attached the latest logs.,Medium,Database,Data Services,Query Engine,Enterprise,12.33,Jira,L2-Application,Yes,2026-08-25T19:46:37.053456+00:00
47,Backup job failed overnight,the issue is affecting reporting and analytics. This started after a recent configuration change.,Low,Database,Data Services,MySQL,Enterprise,22.5,Portal,L3-Database,Yes,2026-09-04T05:05:14.443622+00:00
48,Firewall blocks application traffic,the service becomes unreachable every few minutes. The issue is currently affecting several users.,Low,Network,Platform,WiFi,Standard,24.3,Email,L2-Network,Yes,2026-08-30T00:37:21.330193+00:00
49,VPN connection drops repeatedly,the service becomes unreachable every few minutes. The issue is currently affecting several users.,Low,Network,Platform,DNS,Business,26.49,Jira,L2-Network,Yes,2026-09-10T03:25:40.244546+00:00
50,Backup job failed overnight,connections remain open after requests finish. This started after a recent configuration change.,Medium,Database,Data Services,Replication,Standard,1.51,Chat,L3-Database,No,2026-09-09T09:29:04.106616+00:00
51,Search results fail to load,the UI shows an unexpected error message. The problem is reproducible from the production environment.,Medium,Application,Customer Portal,API,Standard,21.03,Jira,L2-Application,Yes,2026-09-01T00:24:40.833719+00:00
52,Unexpected permission change detected,the event should be reviewed for security impact. This started after a recent configuration change.,Medium,Access,Identity,Password Reset,Business,17.71,Email,Security,Yes,2026-08-21T17:09:46.448110+00:00
53,Reports are running much slower,the scheduled backup did not complete successfully. The customer has already tried restarting the service.,High,Database,Data Services,Query Engine,Standard,33.33,Email,L3-Database,Yes,2026-09-14T02:10:36.917844+00:00
54,Docking station disconnects,restarting the device did not resolve the problem. The issue is currently affecting several users.,Low,Hardware,Workplace IT,Keyboard,Business,24.49,Email,L1-Hardware,Yes,2026-09-08T14:53:52.560752+00:00
55,Application page shows a blank screen,the same request succeeds after a retry. The issue is currently affecting several users.,Medium,Application,Customer Portal,Authentication,Standard,2.39,Email,L2-Application,No,2026-09-11T09:36:46.139720+00:00
56,Notification jobs are delayed,the same request succeeds after a retry. The support team has attached the latest logs.,Low,Application,Customer Portal,API,Standard,6.22,Chat,L2-Application,No,2026-09-07T23:07:08.502265+00:00
57,External monitor is not detected,a replacement may be required if troubleshooting fails. This started after a recent configuration change.,High,Hardware,Workplace IT,Keyboard,Enterprise,31.99,Jira,L1-Hardware,Yes,2026-09-15T17:31:35.447593+00:00
58,Search results fail to load,the application worked yesterday but now fails for multiple users. The customer has already tried restarting the service.,Medium,Application,Customer Portal,Checkout,Enterprise,3.59,Jira,L2-Application,No,2026-08-26T20:57:59.437907+00:00
59,VPN connection drops repeatedly,connections fail after authentication. The support team has attached the latest logs.,Low,Network,Platform,WiFi,Standard,7.34,Email,L2-Network,No,2026-08-22T08:13:55.019431+00:00
60,Backup job failed overnight,the scheduled backup did not complete successfully. This started after a recent configuration change.,Low,Database,Data Services,Backup,Enterprise,25.44,Chat,L3-Database,Yes,2026-08-23T07:51:05.154182+00:00
61,Intermittent network connectivity,users cannot stay connected to the corporate network. The customer has already tried restarting the service.,High,Network,Platform,WiFi,Enterprise,12.87,Chat,L2-Network,Yes,2026-09-15T05:12:42.105886+00:00
62,Checkout returns an error,customers are unable to complete the workflow. The problem is reproducible from the production environment.,High,Application,Customer Portal,Search,Business,23.41,Portal,L2-Application,Yes,2026-09-09T10:10:33.524329+00:00
63,Password reset link is invalid,the account may have incorrect permissions. The problem is reproducible from the production environment.,Medium,Access,Identity,MFA,Standard,4.05,Portal,Security,Yes,2026-09-06T16:48:26.299054+00:00
64,Laptop will not power on,the device worked earlier in the day. The support team has attached the latest logs.,Medium,Hardware,Workplace IT,Keyboard,Enterprise,12.58,Jira,L1-Hardware,Yes,2026-08-22T23:43:36.112610+00:00
65,Database queries are timing out,transactions are waiting longer than expected. The issue is currently affecting several users.,Low,Database,Data Services,Query Engine,Business,33.23,Chat,L3-Database,Yes,2026-08-27T09:00:08.819010+00:00
66,External monitor is not detected,the peripheral is intermittently unavailable. The problem is reproducible from the production environment.,Medium,Hardware,Workplace IT,Laptop,Standard,1.15,Portal,L1-Hardware,No,2026-09-12T17:34:36.123699+00:00
67,VPN connection drops repeatedly,requests time out from the office network. The problem is reproducible from the production environment.,High,Network,Platform,Load Balancer,Business,11.19,Email,L2-Network,Yes,2026-09-06T07:41:53.848093+00:00
68,SSO login returns access denied,the user receives an access denied response. The support team has attached the latest logs.,Low,Access,Identity,MFA,Standard,9.12,Chat,Security,No,2026-09-02T17:30:38.301633+00:00
69,User cannot access internal application,the account may have incorrect permissions. The customer has already tried restarting the service.,Medium,Access,Identity,Permissions,Business,19.16,Jira,Security,Yes,2026-09-04T17:46:03.991354+00:00
70,MFA challenge is failing,the authentication flow stops before completion. The issue is currently affecting several users.,High,Access,Identity,Password Reset,Enterprise,31.33,Email,Security,Yes,2026-09-09T07:49:43.843607+00:00
71,Docking station disconnects,the device worked earlier in the day. The customer has already tried restarting the service.,Low,Hardware,Workplace IT,Monitor,Business,28.9,Email,L1-Hardware,Yes,2026-09-20T04:59:02.656014+00:00
72,Load balancer health checks failing,requests time out from the office network. This started after a recent configuration change.,Low,Network,Platform,WiFi,Standard,3.23,Portal,L2-Network,No,2026-08-26T02:47:12.505182+00:00
73,Password reset link is invalid,the account may have incorrect permissions. The issue is currently affecting several users.,Medium,Access,Identity,SSO,Enterprise,22.77,Jira,L1-General,Yes,2026-09-05T22:29:16.324086+00:00
74,DNS resolution failing for internal service,the service becomes unreachable every few minutes. The customer has already tried restarting the service.,Low,Network,Platform,VPN,Business,10.47,Email,L2-Network,No,2026-09-18T05:47:43.038836+00:00
75,Printer is unavailable,restarting the device did not resolve the problem. The support team has attached the latest logs.,Medium,Hardware,Workplace IT,Printer,Standard,29.56,Email,L1-Hardware,Yes,2026-09-06T11:02:33.770380+00:00
76,Load balancer health checks failing,users cannot stay connected to the corporate network. The support team has attached the latest logs.,Low,Network,Platform,DNS,Standard,24.36,Jira,L2-Network,No,2026-09-14T09:35:52.117477+00:00
77,SSO login returns access denied,the user receives an access denied response. The customer has already tried restarting the service.,Low,Access,Identity,IAM,Standard,12.53,Email,Security,Yes,2026-09-03T08:58:39.402024+00:00
78,Password reset link is invalid,login works for other accounts but not this user. The support team has attached the latest logs.,High,Access,Identity,IAM,Business,19.89,Chat,Security,Yes,2026-08-30T10:35:42.606297+00:00
79,Laptop will not power on,a replacement may be required if troubleshooting fails. The customer has already tried restarting the service.,Medium,Hardware,Workplace IT,Keyboard,Business,23.48,Email,L1-Hardware,Yes,2026-08-23T01:54:33.524220+00:00
80,Database queries are timing out,connections remain open after requests finish. The problem is reproducible from the production environment.,Medium,Database,Data Services,PostgreSQL,Standard,25.78,Email,L3-Database,Yes,2026-08-28T20:47:01.612470+00:00
81,Laptop will not power on,the issue affects a single employee workstation. The problem is reproducible from the production environment.,High,Hardware,Workplace IT,Dock,Standard,0.34,Chat,L1-Hardware,No,2026-09-12T19:39:40.227935+00:00
82,Docking station disconnects,the issue affects a single employee workstation. The support team has attached the latest logs.,Low,Hardware,Workplace IT,Monitor,Business,21.22,Chat,L1-Hardware,No,2026-09-18T07:59:40.804806+00:00
83,Database connection pool is exhausted,connections remain open after requests finish. The support team has attached the latest logs.,Medium,Database,Data Services,Backup,Business,26.68,Portal,L3-Database,Yes,2026-08-26T20:07:37.860574+00:00
84,External monitor is not detected,the peripheral is intermittently unavailable. The support team has attached the latest logs.,Medium,Hardware,Workplace IT,Monitor,Business,8.25,Chat,L1-Hardware,No,2026-09-17T08:03:16.613090+00:00
85,Search results fail to load,the same request succeeds after a retry. The issue is currently affecting several users.,Medium,Application,Customer Portal,API,Enterprise,19.86,Jira,L2-Application,Yes,2026-08-30T13:44:33.021355+00:00
86,Password reset link is invalid,the user receives an access denied response. The issue is currently affecting several users.,Low,Access,Identity,Password Reset,Business,29.73,Chat,Security,Yes,2026-09-16T15:06:48.937339+00:00
87,Password reset link is invalid,the user receives an access denied response. The issue is currently affecting several users.,Medium,Access,Identity,Password Reset,Business,18.6,Jira,Security,Yes,2026-08-30T15:30:05.349301+00:00
88,Docking station disconnects,a replacement may be required if troubleshooting fails. The problem is reproducible from the production environment.,Medium,Hardware,Workplace IT,Keyboard,Business,0.68,Email,L1-Hardware,No,2026-08-24T02:15:53.511026+00:00
89,Laptop will not power on,the issue affects a single employee workstation. The problem is reproducible from the production environment.,Medium,Hardware,Workplace IT,Keyboard,Business,7.91,Chat,L1-Hardware,No,2026-08-26T23:01:14.412656+00:00
90,Printer is unavailable,the issue affects a single employee workstation. The customer has already tried restarting the service.,Low,Hardware,Workplace IT,Laptop,Business,4.39,Portal,L1-Hardware,No,2026-09-01T07:16:32.678662+00:00
91,MFA challenge is failing,the user receives an access denied response. The customer has already tried restarting the service.,Low,Access,Identity,MFA,Business,27.47,Portal,Security,Yes,2026-09-17T09:28:03.959570+00:00
92,Search results fail to load,the UI shows an unexpected error message. The issue is currently affecting several users.,High,Application,Customer Portal,API,Standard,6.68,Portal,L2-Application,Yes,2026-09-06T09:25:54.157053+00:00
93,External monitor is not detected,the issue affects a single employee workstation. The customer has already tried restarting the service.,High,Hardware,Workplace IT,Dock,Standard,24.75,Chat,L1-Hardware,Yes,2026-09-18T12:58:23.496268+00:00
94,Backup job failed overnight,replica data is several minutes behind primary. The support team has attached the latest logs.,Medium,Database,Data Services,PostgreSQL,Enterprise,23.12,Jira,L3-Database,Yes,2026-09-07T15:25:10.232297+00:00
95,API requests return HTTP 500,customers are unable to complete the workflow. This started after a recent configuration change.,Low,Application,Customer Portal,Authentication,Standard,9.44,Portal,L2-Application,No,2026-09-09T10:24:54.477624+00:00
96,Unexpected permission change detected,the event should be reviewed for security impact. This started after a recent configuration change.,High,Access,Identity,SSO,Enterprise,11.63,Email,Security,Yes,2026-08-29T03:09:33.697959+00:00
97,Printer is unavailable,a replacement may be required if troubleshooting fails. This started after a recent configuration change.,Medium,Hardware,Workplace IT,Laptop,Enterprise,19.08,Chat,L1-Hardware,Yes,2026-09-12T13:30:24.313221+00:00
98,Notification jobs are delayed,the UI shows an unexpected error message. This started after a recent configuration change.,Medium,Application,Customer Portal,API,Standard,4.15,Jira,L2-Application,No,2026-09-02T08:30:47.349147+00:00
99,Database connection pool is exhausted,the scheduled backup did not complete successfully. The support team has attached the latest logs.,Medium,Database,Data Services,PostgreSQL,Enterprise,22.12,Chat,L3-Database,Yes,2026-09-09T04:50:47.968415+00:00
100,SSO login returns access denied,the authentication flow stops before completion. The customer has already tried restarting the service.,Medium,Access,Identity,Password Reset,Business,27.43,Portal,Security,Yes,2026-08-27T21:51:35.150637+00:00
101,Reports are running much slower,transactions are waiting longer than expected. This started after a recent configuration change.,Medium,Database,Data Services,PostgreSQL,Standard,19.55,Jira,L3-Database,Yes,2026-09-10T10:55:16.869406+00:00
102,MFA challenge is failing,login works for other accounts but not this user. The problem is reproducible from the production environment.,Medium,Access,Identity,MFA,Standard,2.26,Chat,Security,No,2026-08-23T07:50:09.363938+00:00
103,Load balancer health checks failing,packets appear to be dropped intermittently. The customer has already tried restarting the service.,Medium,Network,Platform,Load Balancer,Business,10.55,Portal,L2-Network,No,2026-08-30T12:55:13.882733+00:00
104,Load balancer health checks failing,connections fail after authentication. The customer has already tried restarting the service.,High,Network,Platform,VPN,Enterprise,5.1,Jira,L2-Network,Yes,2026-08-28T16:30:45.322771+00:00
105,SSO login returns access denied,login works for other accounts but not this user. The customer has already tried restarting the service.,High,Access,Identity,Password Reset,Enterprise,15.04,Chat,Security,Yes,2026-09-04T07:05:25.192726+00:00
106,Firewall blocks application traffic,connections fail after authentication. The support team has attached the latest logs.,Low,Network,Platform,Load Balancer,Standard,22.95,Email,L2-Network,No,2026-08-27T22:52:33.180525+00:00
107,Unexpected permission change detected,the event should be reviewed for security impact. The problem is reproducible from the production environment.,Low,Access,Identity,Permissions,Enterprise,7.56,Email,Security,No,2026-08-24T18:49:31.143347+00:00
108,SSO login returns access denied,the user receives an access denied response. The customer has already tried restarting the service.,Medium,Access,Identity,MFA,Business,13.34,Jira,Security,Yes,2026-09-14T13:09:15.237925+00:00
109,VPN connection drops repeatedly,packets appear to be dropped intermittently. The customer has already tried restarting the service.,Medium,Network,Platform,Load Balancer,Business,24.89,Email,L2-Network,Yes,2026-08-25T07:08:50.414457+00:00
110,Checkout returns an error,logs contain repeated server errors. This started after a recent configuration change.,Low,Application,Customer Portal,Notifications,Standard,21.25,Jira,L2-Application,No,2026-09-15T00:59:32.390527+00:00
111,User cannot access internal application,the event should be reviewed for security impact. This started after a recent configuration change.,Low,Access,Identity,Password Reset,Standard,28.78,Email,Security,Yes,2026-09-10T00:37:56.898202+00:00
112,Database connection pool is exhausted,replica data is several minutes behind primary. This started after a recent configuration change.,Medium,Database,Data Services,PostgreSQL,Enterprise,16.46,Jira,L3-Database,Yes,2026-09-11T04:08:51.245163+00:00
113,Password reset link is invalid,the authentication flow stops before completion. The problem is reproducible from the production environment.,Low,Access,Identity,MFA,Standard,34.98,Chat,Security,Yes,2026-09-11T15:33:21.552127+00:00
114,Load balancer health checks failing,users cannot stay connected to the corporate network. The customer has already tried restarting the service.,High,Network,Platform,WiFi,Enterprise,35.44,Chat,L2-Network,Yes,2026-09-17T13:37:04.332832+00:00
115,Printer is unavailable,a replacement may be required if troubleshooting fails. The problem is reproducible from the production environment.,High,Hardware,Workplace IT,Keyboard,Enterprise,1.73,Chat,L1-Hardware,Yes,2026-08-23T06:51:54.955644+00:00
116,Password reset link is invalid,login works for other accounts but not this user. The issue is currently affecting several users.,Low,Access,Identity,MFA,Enterprise,33.77,Portal,Security,Yes,2026-09-08T07:19:04.240838+00:00
117,Load balancer health checks failing,users cannot stay connected to the corporate network. The support team has attached the latest logs.,Medium,Network,Platform,VPN,Business,5.42,Jira,L2-Network,No,2026-08-23T22:03:47.031420+00:00
118,Firewall blocks application traffic,the service becomes unreachable every few minutes. The problem is reproducible from the production environment.,Low,Network,Platform,WiFi,Enterprise,10.16,Chat,L2-Network,No,2026-09-19T05:29:34.559919+00:00
119,Replication is lagging,the issue is affecting reporting and analytics. This started after a recent configuration change.,Low,Database,Data Services,MySQL,Business,6.62,Chat,L3-Database,No,2026-09-07T07:08:15.211144+00:00
120,Notification jobs are delayed,the same request succeeds after a retry. The issue is currently affecting several users.,Low,Application,Customer Portal,Search,Enterprise,19.66,Jira,L2-Application,Yes,2026-09-12T12:38:56.927560+00:00
121,API requests return HTTP 500,the application worked yesterday but now fails for multiple users. The problem is reproducible from the production environment.,Medium,Application,Customer Portal,Notifications,Business,26.68,Email,L2-Application,Yes,2026-08-29T17:27:01.019346+00:00
122,Backup job failed overnight,transactions are waiting longer than expected. This started after a recent configuration change.,Medium,Database,Data Services,Backup,Business,30.79,Jira,L3-Database,Yes,2026-09-01T10:57:52.287630+00:00
123,SSO login returns access denied,the event should be reviewed for security impact. The issue is currently affecting several users.,Medium,Access,Identity,SSO,Standard,15.65,Portal,Security,Yes,2026-08-30T19:18:58.805053+00:00
124,Intermittent network connectivity,requests time out from the office network. The issue is currently affecting several users.,Medium,Network,Platform,WiFi,Business,32.92,Jira,L2-Network,Yes,2026-09-12T06:35:56.184105+00:00
125,Search results fail to load,the UI shows an unexpected error message. The support team has attached the latest logs.,Medium,Application,Customer Portal,Notifications,Enterprise,35.42,Jira,L2-Application,Yes,2026-09-03T21:29:01.260458+00:00
126,Backup job failed overnight,transactions are waiting longer than expected. The issue is currently affecting several users.,Medium,Database,Data Services,MySQL,Enterprise,13.46,Portal,L3-Database,Yes,2026-09-03T14:33:30.655863+00:00
127,DNS resolution failing for internal service,the service becomes unreachable every few minutes. The customer has already tried restarting the service.,High,Network,Platform,VPN,Enterprise,0.95,Portal,L2-Application,Yes,2026-09-07T01:41:05.273763+00:00
128,Application page shows a blank screen,logs contain repeated server errors. The problem is reproducible from the production environment.,High,Application,Customer Portal,API,Standard,34.94,Chat,L2-Network,Yes,2026-09-11T00:39:21.234494+00:00
129,SSO login returns access denied,the account may have incorrect permissions. The customer has already tried restarting the service.,Medium,Access,Identity,SSO,Standard,32.35,Email,Security,Yes,2026-09-17T23:24:22.268508+00:00
130,VPN connection drops repeatedly,users cannot stay connected to the corporate network. This started after a recent configuration change.,Low,Network,Platform,WiFi,Standard,0.4,Chat,L2-Network,No,2026-09-08T16:18:17.288689+00:00
131,VPN connection drops repeatedly,requests time out from the office network. This started after a recent configuration change.,High,Network,Platform,DNS,Standard,6.58,Chat,L2-Network,No,2026-08-21T10:22:21.061428+00:00
132,User cannot access internal application,the event should be reviewed for security impact. The support team has attached the latest logs.,Low,Access,Identity,SSO,Business,17.19,Email,Security,Yes,2026-09-15T04:22:43.694096+00:00
133,Checkout returns an error,the same request succeeds after a retry. The problem is reproducible from the production environment.,Medium,Application,Customer Portal,API,Business,17.79,Chat,L2-Application,Yes,2026-09-17T08:35:43.885299+00:00
134,Intermittent network connectivity,packets appear to be dropped intermittently. The issue is currently affecting several users.,Medium,Network,Platform,VPN,Business,21.65,Chat,L2-Network,Yes,2026-08-31T10:11:57.828987+00:00
135,Database connection pool is exhausted,transactions are waiting longer than expected. The support team has attached the latest logs.,Medium,Database,Data Services,Query Engine,Business,14.35,Email,L3-Database,Yes,2026-09-05T10:19:59.886090+00:00
136,Database connection pool is exhausted,the issue is affecting reporting and analytics. The customer has already tried restarting the service.,Medium,Database,Data Services,MySQL,Enterprise,5.15,Chat,L3-Database,Yes,2026-08-30T04:38:33.988356+00:00
137,Backup job failed overnight,replica data is several minutes behind primary. The issue is currently affecting several users.,Low,Database,Data Services,Backup,Enterprise,29.26,Email,L3-Database,Yes,2026-08-27T14:25:25.326258+00:00
138,DNS resolution failing for internal service,the service becomes unreachable every few minutes. The problem is reproducible from the production environment.,Medium,Network,Platform,WiFi,Business,1.17,Chat,L2-Network,No,2026-09-13T16:05:39.449402+00:00
139,DNS resolution failing for internal service,users cannot stay connected to the corporate network. The support team has attached the latest logs.,High,Network,Platform,Load Balancer,Standard,2.36,Chat,L2-Network,No,2026-09-04T18:04:42.126551+00:00
140,VPN connection drops repeatedly,connections fail after authentication. The issue is currently affecting several users.,Low,Network,Platform,Firewall,Standard,2.15,Email,L2-Network,No,2026-09-16T02:01:52.205410+00:00
141,User cannot access internal application,the account may have incorrect permissions. The issue is currently affecting several users.,Medium,Access,Identity,Permissions,Business,33.89,Email,Security,Yes,2026-09-19T09:29:22.278730+00:00
142,Firewall blocks application traffic,users cannot stay connected to the corporate network. The problem is reproducible from the production environment.,Medium,Network,Platform,Load Balancer,Business,3.56,Portal,L2-Network,No,2026-09-06T16:47:52.220623+00:00
143,Search results fail to load,customers are unable to complete the workflow. The support team has attached the latest logs.,Low,Application,Customer Portal,API,Business,21.73,Chat,L2-Application,Yes,2026-09-05T15:49:20.640652+00:00
144,Database queries are timing out,replica data is several minutes behind primary. This started after a recent configuration change.,High,Database,Data Services,PostgreSQL,Standard,4.47,Chat,L3-Database,Yes,2026-08-25T01:11:44.015665+00:00
145,VPN connection drops repeatedly,users cannot stay connected to the corporate network. The problem is reproducible from the production environment.,Medium,Network,Platform,DNS,Standard,27.5,Chat,L2-Network,Yes,2026-09-09T09:41:02.069522+00:00
146,Reports are running much slower,the issue is affecting reporting and analytics. The support team has attached the latest logs.,Medium,Database,Data Services,PostgreSQL,Business,35.31,Portal,L2-Application,Yes,2026-09-17T03:09:12.076154+00:00
147,Intermittent network connectivity,the service becomes unreachable every few minutes. This started after a recent configuration change.,Low,Network,Platform,VPN,Standard,0.26,Portal,L2-Network,No,2026-08-22T01:07:23.439445+00:00
148,Load balancer health checks failing,requests time out from the office network. The customer has already tried restarting the service.,Low,Network,Platform,WiFi,Business,29.12,Email,L2-Network,Yes,2026-09-19T20:27:59.375858+00:00
149,Checkout returns an error,the same request succeeds after a retry. This started after a recent configuration change.,High,Application,Customer Portal,Search,Enterprise,28.83,Email,L2-Application,Yes,2026-09-15T03:09:23.508412+00:00
150,External monitor is not detected,the device worked earlier in the day. The issue is currently affecting several users.,High,Hardware,Workplace IT,Dock,Business,16.81,Email,L1-Hardware,Yes,2026-09-09T14:14:17.138488+00:00
151,Database connection pool is exhausted,connections remain open after requests finish. The problem is reproducible from the production environment.,High,Database,Data Services,Query Engine,Business,9.36,Email,L3-Database,Yes,2026-08-24T08:19:43.327534+00:00
152,Keyboard stops responding,the peripheral is intermittently unavailable. The support team has attached the latest logs.,High,Hardware,Workplace IT,Dock,Standard,14.66,Portal,L2-Network,Yes,2026-09-13T13:17:51.507564+00:00
153,Reports are running much slower,the scheduled backup did not complete successfully. This started after a recent configuration change.,Medium,Database,Data Services,Replication,Standard,34.16,Email,L1-General,Yes,2026-09-12T10:22:27.909120+00:00
154,API requests return HTTP 500,the same request succeeds after a retry. The support team has attached the latest logs.,Low,Application,Customer Portal,Search,Standard,19.67,Chat,L2-Application,No,2026-08-28T16:15:56.837398+00:00
155,Reports are running much slower,connections remain open after requests finish. The customer has already tried restarting the service.,Low,Database,Data Services,Backup,Standard,31.62,Email,L3-Database,Yes,2026-09-04T04:46:33.301931+00:00
156,SSO login returns access denied,the authentication flow stops before completion. The support team has attached the latest logs.,Medium,Access,Identity,SSO,Business,18.24,Portal,Security,Yes,2026-08-29T13:53:30.013104+00:00
157,MFA challenge is failing,login works for other accounts but not this user. The issue is currently affecting several users.,Medium,Access,Identity,IAM,Standard,15.62,Chat,Security,Yes,2026-09-04T09:34:10.929201+00:00
158,Unexpected permission change detected,the account may have incorrect permissions. The customer has already tried restarting the service.,Medium,Access,Identity,IAM,Business,4.22,Email,L2-Application,No,2026-09-19T11:56:08.516508+00:00
159,Checkout returns an error,the application worked yesterday but now fails for multiple users. The support team has attached the latest logs.,High,Application,Customer Portal,Search,Enterprise,34.54,Chat,L2-Application,Yes,2026-09-11T00:08:55.339276+00:00
160,External monitor is not detected,the peripheral is intermittently unavailable. This started after a recent configuration change.,Low,Hardware,Workplace IT,Dock,Business,7.98,Chat,L1-Hardware,No,2026-08-23T08:11:55.410451+00:00
161,Database queries are timing out,the scheduled backup did not complete successfully. The support team has attached the latest logs.,Low,Database,Data Services,MySQL,Standard,32.52,Jira,L3-Database,Yes,2026-09-17T15:06:23.803039+00:00
162,Notification jobs are delayed,logs contain repeated server errors. The issue is currently affecting several users.,High,Application,Customer Portal,Notifications,Standard,35.22,Portal,L2-Application,Yes,2026-08-25T12:34:42.713677+00:00
163,Laptop will not power on,restarting the device did not resolve the problem. The problem is reproducible from the production environment.,High,Hardware,Workplace IT,Printer,Business,6.23,Email,L1-Hardware,Yes,2026-09-05T01:51:26.207469+00:00
164,Application page shows a blank screen,customers are unable to complete the workflow. The problem is reproducible from the production environment.,Medium,Application,Customer Portal,Checkout,Enterprise,34.65,Portal,L2-Application,Yes,2026-08-23T12:16:23.580810+00:00
165,Reports are running much slower,connections remain open after requests finish. The problem is reproducible from the production environment.,Medium,Database,Data Services,MySQL,Standard,22.25,Chat,L1-General,Yes,2026-08-22T15:58:02.230420+00:00
166,Laptop will not power on,the device worked earlier in the day. The support team has attached the latest logs.,Medium,Hardware,Workplace IT,Dock,Business,7.97,Chat,L1-Hardware,No,2026-09-19T08:14:52.962146+00:00
167,Database queries are timing out,connections remain open after requests finish. This started after a recent configuration change.,Medium,Database,Data Services,PostgreSQL,Business,22.11,Chat,L3-Database,Yes,2026-08-24T06:03:43.651988+00:00
168,Database connection pool is exhausted,connections remain open after requests finish. The customer has already tried restarting the service.,High,Database,Data Services,Query Engine,Enterprise,1.2,Jira,L3-Database,Yes,2026-09-16T22:09:47.321367+00:00
169,Laptop will not power on,restarting the device did not resolve the problem. The problem is reproducible from the production environment.,Low,Hardware,Workplace IT,Laptop,Business,2.49,Portal,L1-Hardware,No,2026-08-28T09:59:34.195863+00:00
170,Docking station disconnects,a replacement may be required if troubleshooting fails. The customer has already tried restarting the service.,Medium,Hardware,Workplace IT,Monitor,Enterprise,22.01,Portal,L1-Hardware,Yes,2026-09-07T18:03:58.032461+00:00
171,DNS resolution failing for internal service,requests time out from the office network. This started after a recent configuration change.,Low,Network,Platform,Load Balancer,Business,11.25,Email,L2-Application,No,2026-09-09T22:12:32.168375+00:00
172,Laptop will not power on,the issue affects a single employee workstation. The problem is reproducible from the production environment.,Medium,Hardware,Workplace IT,Monitor,Enterprise,12.77,Email,L1-Hardware,No,2026-09-01T13:15:51.986065+00:00
173,Load balancer health checks failing,users cannot stay connected to the corporate network. This started after a recent configuration change.,Medium,Network,Platform,Load Balancer,Standard,21.17,Chat,L2-Network,Yes,2026-09-15T00:18:53.446531+00:00
174,API requests return HTTP 500,logs contain repeated server errors. The issue is currently affecting several users.,Low,Application,Customer Portal,Search,Business,11.62,Jira,L2-Application,No,2026-08-24T13:32:16.927946+00:00
175,Notification jobs are delayed,customers are unable to complete the workflow. The customer has already tried restarting the service.,Low,Application,Customer Portal,Notifications,Enterprise,12.13,Jira,L2-Application,No,2026-08-29T09:35:51.218232+00:00
176,Backup job failed overnight,replica data is several minutes behind primary. This started after a recent configuration change.,Medium,Database,Data Services,Replication,Business,6.69,Chat,L3-Database,No,2026-09-04T18:10:07.354551+00:00
177,Search results fail to load,the application worked yesterday but now fails for multiple users. The problem is reproducible from the production environment.,Low,Application,Customer Portal,Notifications,Standard,13.49,Email,L2-Application,No,2026-08-30T08:34:40.910097+00:00
178,Unexpected permission change detected,the user receives an access denied response. This started after a recent configuration change.,Medium,Access,Identity,Password Reset,Business,23.71,Jira,Security,Yes,2026-08-24T01:11:49.946057+00:00
179,Notification jobs are delayed,logs contain repeated server errors. The support team has attached the latest logs.,Medium,Application,Customer Portal,Search,Enterprise,16.08,Portal,L2-Application,Yes,2026-09-08T06:07:56.906854+00:00
180,Laptop will not power on,a replacement may be required if troubleshooting fails. The support team has attached the latest logs.,Low,Hardware,Workplace IT,Keyboard,Standard,29.78,Portal,L1-Hardware,Yes,2026-08-31T20:13:36.765062+00:00
181,SSO login returns access denied,login works for other accounts but not this user. The customer has already tried restarting the service.,Medium,Access,Identity,MFA,Enterprise,35.11,Jira,Security,Yes,2026-08-26T17:53:48.102784+00:00
182,Unexpected permission change detected,the user receives an access denied response. The support team has attached the latest logs.,High,Access,Identity,SSO,Business,33.32,Email,Security,Yes,2026-08-23T19:31:43.492342+00:00
183,Database connection pool is exhausted,transactions are waiting longer than expected. The problem is reproducible from the production environment.,Medium,Database,Data Services,Backup,Standard,31.23,Jira,L3-Database,Yes,2026-08-26T07:33:19.753715+00:00
184,API requests return HTTP 500,the application worked yesterday but now fails for multiple users. The problem is reproducible from the production environment.,Medium,Application,Customer Portal,Notifications,Business,24.35,Chat,L2-Application,Yes,2026-08-27T06:22:31.295414+00:00
185,Docking station disconnects,a replacement may be required if troubleshooting fails. The issue is currently affecting several users.,Low,Hardware,Workplace IT,Dock,Enterprise,17.87,Portal,L1-Hardware,No,2026-09-08T07:15:49.032156+00:00
186,Password reset link is invalid,the authentication flow stops before completion. The support team has attached the latest logs.,Medium,Access,Identity,Password Reset,Enterprise,12.33,Jira,Security,Yes,2026-08-22T10:29:04.528361+00:00
187,Docking station disconnects,the issue affects a single employee workstation. The issue is currently affecting several users.,Low,Hardware,Workplace IT,Dock,Business,19.75,Email,L1-Hardware,No,2026-09-08T15:03:35.523375+00:00
188,Backup job failed overnight,transactions are waiting longer than expected. The support team has attached the latest logs.,High,Database,Data Services,Query Engine,Standard,16.41,Email,L3-Database,Yes,2026-09-12T00:39:10.946001+00:00
189,Checkout returns an error,logs contain repeated server errors. The problem is reproducible from the production environment.,Low,Application,Customer Portal,API,Standard,30.04,Portal,L2-Application,Yes,2026-09-06T16:35:48.810686+00:00
190,Backup job failed overnight,the scheduled backup did not complete successfully. The issue is currently affecting several users.,Medium,Database,Data Services,Backup,Enterprise,35.17,Portal,L3-Database,Yes,2026-09-06T03:07:36.438912+00:00
191,Load balancer health checks failing,packets appear to be dropped intermittently. The problem is reproducible from the production environment.,Low,Network,Platform,DNS,Enterprise,33.12,Chat,L2-Network,Yes,2026-09-14T15:36:42.084095+00:00
192,DNS resolution failing for internal service,users cannot stay connected to the corporate network. This started after a recent configuration change.,High,Network,Platform,Firewall,Standard,7.78,Chat,L2-Network,Yes,2026-09-14T03:12:49.387469+00:00
193,Notification jobs are delayed,logs contain repeated server errors. The customer has already tried restarting the service.,Medium,Application,Customer Portal,Search,Standard,11.19,Jira,L2-Application,No,2026-09-15T10:06:38.457649+00:00
194,Backup job failed overnight,the scheduled backup did not complete successfully. The customer has already tried restarting the service.,Low,Database,Data Services,Query Engine,Business,8.3,Portal,L3-Database,No,2026-08-25T10:40:08.455680+00:00
195,Reports are running much slower,the scheduled backup did not complete successfully. This started after a recent configuration change.,Low,Database,Data Services,PostgreSQL,Standard,6.39,Email,L3-Database,No,2026-08-22T16:26:05.958920+00:00
196,API requests return HTTP 500,the same request succeeds after a retry. The issue is currently affecting several users.,Medium,Application,Customer Portal,Checkout,Enterprise,3.82,Jira,L2-Application,Yes,2026-08-27T10:59:59.667796+00:00
197,Reports are running much slower,the scheduled backup did not complete successfully. The support team has attached the latest logs.,Low,Database,Data Services,Replication,Standard,6.26,Email,L3-Database,No,2026-09-09T11:27:07.068798+00:00
198,Intermittent network connectivity,connections fail after authentication. This started after a recent configuration change.,High,Network,Platform,Firewall,Standard,32.04,Jira,L1-Hardware,Yes,2026-08-26T19:11:20.200573+00:00
199,Laptop will not power on,restarting the device did not resolve the problem. The support team has attached the latest logs.,Low,Hardware,Workplace IT,Printer,Standard,29.18,Jira,L2-Network,Yes,2026-08-28T03:09:07.930847+00:00
200,Keyboard stops responding,the peripheral is intermittently unavailable. The customer has already tried restarting the service.,Medium,Hardware,Workplace IT,Laptop,Standard,35.0,Portal,L1-Hardware,Yes,2026-08-22T00:38:59.335723+00:00
201,Password reset link is invalid,the authentication flow stops before completion. This started after a recent configuration change.,Low,Access,Identity,Permissions,Standard,16.29,Email,Security,No,2026-09-12T08:36:25.123106+00:00
202,Intermittent network connectivity,connections fail after authentication. This started after a recent configuration change.,High,Network,Platform,WiFi,Enterprise,9.36,Email,L2-Network,Yes,2026-09-15T05:54:47.312141+00:00
203,Laptop will not power on,the peripheral is intermittently unavailable. The issue is currently affecting several users.,High,Hardware,Workplace IT,Monitor,Standard,25.9,Chat,L2-Network,Yes,2026-09-16T13:34:28.281396+00:00
204,Database connection pool is exhausted,the issue is affecting reporting and analytics. The problem is reproducible from the production environment.,Medium,Database,Data Services,Replication,Business,28.63,Jira,L3-Database,Yes,2026-09-09T21:10:12.237947+00:00
205,Reports are running much slower,replica data is several minutes behind primary. The issue is currently affecting several users.,Medium,Database,Data Services,MySQL,Standard,32.32,Email,L3-Database,Yes,2026-08-28T15:04:35.720389+00:00
206,Unexpected permission change detected,the account may have incorrect permissions. The problem is reproducible from the production environment.,Low,Access,Identity,IAM,Business,0.6,Portal,Security,No,2026-08-24T00:22:46.013798+00:00
207,Database queries are timing out,connections remain open after requests finish. The customer has already tried restarting the service.,Medium,Database,Data Services,Backup,Enterprise,35.18,Chat,L3-Database,Yes,2026-08-28T21:50:48.365614+00:00
208,User cannot access internal application,the event should be reviewed for security impact. The issue is currently affecting several users.,Low,Access,Identity,MFA,Business,29.17,Chat,Security,Yes,2026-08-30T15:32:35.102418+00:00
209,Intermittent network connectivity,users cannot stay connected to the corporate network. The issue is currently affecting several users.,Medium,Network,Platform,DNS,Standard,0.49,Chat,L1-Hardware,No,2026-09-13T14:14:30.002847+00:00
210,Replication is lagging,the scheduled backup did not complete successfully. This started after a recent configuration change.,High,Database,Data Services,Replication,Enterprise,35.03,Portal,L3-Database,Yes,2026-09-12T09:05:34.710610+00:00
211,Firewall blocks application traffic,the service becomes unreachable every few minutes. The support team has attached the latest logs.,Low,Network,Platform,VPN,Standard,3.39,Portal,L2-Network,No,2026-08-22T20:41:34.751034+00:00
212,Backup job failed overnight,connections remain open after requests finish. The support team has attached the latest logs.,Low,Database,Data Services,PostgreSQL,Business,14.48,Chat,L3-Database,Yes,2026-08-27T05:14:58.876309+00:00
213,Load balancer health checks failing,packets appear to be dropped intermittently. This started after a recent configuration change.,Medium,Network,Platform,VPN,Standard,19.51,Portal,L2-Network,Yes,2026-08-26T19:37:29.224721+00:00
214,MFA challenge is failing,login works for other accounts but not this user. The customer has already tried restarting the service.,Medium,Access,Identity,Password Reset,Business,16.25,Chat,Security,Yes,2026-09-08T12:54:19.366227+00:00
215,Password reset link is invalid,the account may have incorrect permissions. The issue is currently affecting several users.,High,Access,Identity,MFA,Business,16.42,Portal,Security,Yes,2026-09-02T22:55:48.672569+00:00
216,MFA challenge is failing,login works for other accounts but not this user. This started after a recent configuration change.,Medium,Access,Identity,Permissions,Business,31.78,Chat,Security,Yes,2026-09-03T01:44:11.043799+00:00
217,Intermittent network connectivity,connections fail after authentication. This started after a recent configuration change.,Low,Network,Platform,Load Balancer,Standard,9.75,Chat,L2-Network,No,2026-09-11T22:00:18.832310+00:00
218,Search results fail to load,the UI shows an unexpected error message. The problem is reproducible from the production environment.,Low,Application,Customer Portal,Authentication,Enterprise,15.31,Jira,L2-Application,Yes,2026-09-19T23:12:33.995721+00:00
219,Database queries are timing out,transactions are waiting longer than expected. The issue is currently affecting several users.,Medium,Database,Data Services,Query Engine,Standard,29.52,Portal,L3-Database,Yes,2026-09-14T20:47:00.870213+00:00
220,Reports are running much slower,transactions are waiting longer than expected. This started after a recent configuration change.,Medium,Database,Data Services,Replication,Enterprise,7.96,Jira,L3-Database,Yes,2026-09-19T17:41:35.476910+00:00
221,Database queries are timing out,the scheduled backup did not complete successfully. The problem is reproducible from the production environment.,Medium,Database,Data Services,MySQL,Standard,15.23,Chat,L3-Database,Yes,2026-08-24T19:13:44.738638+00:00
222,Search results fail to load,the UI shows an unexpected error message. The customer has already tried restarting the service.,Medium,Application,Customer Portal,Notifications,Standard,15.94,Portal,L2-Application,Yes,2026-08-26T07:07:38.243563+00:00
223,Firewall blocks application traffic,connections fail after authentication. The problem is reproducible from the production environment.,Low,Network,Platform,WiFi,Business,16.05,Chat,L2-Network,No,2026-09-07T13:48:42.469317+00:00
224,Printer is unavailable,the device worked earlier in the day. The problem is reproducible from the production environment.,Medium,Hardware,Workplace IT,Dock,Enterprise,2.72,Jira,L1-Hardware,No,2026-09-03T08:46:47.244888+00:00
225,Intermittent network connectivity,connections fail after authentication. The issue is currently affecting several users.,Medium,Network,Platform,Load Balancer,Business,24.92,Email,L2-Network,Yes,2026-09-09T02:55:10.843292+00:00
226,Checkout returns an error,the application worked yesterday but now fails for multiple users. This started after a recent configuration change.,Medium,Application,Customer Portal,API,Enterprise,16.18,Portal,L2-Application,Yes,2026-08-25T22:48:15.114350+00:00
227,SSO login returns access denied,the event should be reviewed for security impact. This started after a recent configuration change.,High,Access,Identity,IAM,Business,33.93,Chat,Security,Yes,2026-08-28T01:10:46.702380+00:00
228,Database connection pool is exhausted,replica data is several minutes behind primary. The customer has already tried restarting the service.,Low,Database,Data Services,MySQL,Standard,20.57,Email,L1-General,Yes,2026-09-07T16:37:35.968102+00:00
229,Database queries are timing out,connections remain open after requests finish. The support team has attached the latest logs.,Low,Database,Data Services,Query Engine,Business,1.9,Email,L3-Database,No,2026-08-26T17:20:19.303443+00:00
230,Unexpected permission change detected,the event should be reviewed for security impact. The support team has attached the latest logs.,Medium,Access,Identity,MFA,Business,25.02,Chat,Security,Yes,2026-08-31T13:38:04.000880+00:00
231,Checkout returns an error,logs contain repeated server errors. The customer has already tried restarting the service.,Low,Application,Customer Portal,Authentication,Enterprise,16.38,Jira,L2-Application,Yes,2026-09-10T05:42:33.746025+00:00
232,Printer is unavailable,the peripheral is intermittently unavailable. This started after a recent configuration change.,Medium,Hardware,Workplace IT,Monitor,Enterprise,4.77,Jira,L1-Hardware,No,2026-09-19T14:52:42.053884+00:00
233,API requests return HTTP 500,logs contain repeated server errors. The support team has attached the latest logs.,High,Application,Customer Portal,Checkout,Business,29.36,Chat,L2-Application,Yes,2026-09-17T17:06:35.581344+00:00
234,API requests return HTTP 500,the same request succeeds after a retry. The issue is currently affecting several users.,High,Application,Customer Portal,Search,Enterprise,22.51,Chat,L2-Application,Yes,2026-09-17T08:46:51.764476+00:00
235,Notification jobs are delayed,customers are unable to complete the workflow. The customer has already tried restarting the service.,Low,Application,Customer Portal,Checkout,Standard,2.2,Jira,L2-Application,No,2026-09-04T23:37:56.324560+00:00
236,Checkout returns an error,the same request succeeds after a retry. The issue is currently affecting several users.,Low,Application,Customer Portal,Notifications,Enterprise,17.78,Chat,L2-Application,Yes,2026-08-23T14:52:42.564846+00:00
237,Reports are running much slower,transactions are waiting longer than expected. The customer has already tried restarting the service.,Medium,Database,Data Services,Backup,Standard,24.98,Portal,L2-Application,Yes,2026-09-14T09:26:19.585915+00:00
238,Laptop will not power on,the device worked earlier in the day. This started after a recent configuration change.,High,Hardware,Workplace IT,Monitor,Business,28.56,Email,L1-Hardware,Yes,2026-09-05T09:37:20.409412+00:00
239,Application page shows a blank screen,customers are unable to complete the workflow. The support team has attached the latest logs.,Medium,Application,Customer Portal,Search,Standard,30.02,Email,L2-Application,Yes,2026-09-12T08:35:17.940551+00:00
240,Search results fail to load,the application worked yesterday but now fails for multiple users. The issue is currently affecting several users.,High,Application,Customer Portal,Checkout,Business,20.01,Chat,L2-Application,Yes,2026-09-14T17:09:21.782908+00:00
241,Intermittent network connectivity,users cannot stay connected to the corporate network. The problem is reproducible from the production environment.,Low,Network,Platform,VPN,Business,34.22,Portal,L1-Hardware,Yes,2026-09-16T22:18:11.029672+00:00
242,Replication is lagging,replica data is several minutes behind primary. The issue is currently affecting several users.,High,Database,Data Services,Query Engine,Standard,4.92,Portal,L3-Database,Yes,2026-08-28T23:04:38.904543+00:00
243,Firewall blocks application traffic,connections fail after authentication. The customer has already tried restarting the service.,Low,Network,Platform,Firewall,Business,4.78,Portal,L2-Network,No,2026-09-12T20:53:56.807559+00:00
244,Checkout returns an error,the application worked yesterday but now fails for multiple users. This started after a recent configuration change.,Medium,Application,Customer Portal,API,Enterprise,25.92,Portal,L2-Application,Yes,2026-08-28T14:27:57.650628+00:00
245,API requests return HTTP 500,customers are unable to complete the workflow. The problem is reproducible from the production environment.,Low,Application,Customer Portal,Notifications,Business,23.29,Email,L2-Application,Yes,2026-08-29T00:19:07.987587+00:00
246,API requests return HTTP 500,the UI shows an unexpected error message. The customer has already tried restarting the service.,High,Application,Customer Portal,Authentication,Enterprise,1.54,Jira,L2-Network,Yes,2026-08-21T10:37:21.921326+00:00
247,Application page shows a blank screen,the application worked yesterday but now fails for multiple users. The problem is reproducible from the production environment.,High,Application,Customer Portal,Notifications,Business,11.56,Email,L2-Application,Yes,2026-09-19T22:59:32.327627+00:00
248,Reports are running much slower,the issue is affecting reporting and analytics. The support team has attached the latest logs.,Medium,Database,Data Services,Query Engine,Enterprise,4.55,Jira,L3-Database,No,2026-09-18T19:09:52.233134+00:00
249,Database queries are timing out,transactions are waiting longer than expected. The customer has already tried restarting the service.,Low,Database,Data Services,PostgreSQL,Standard,14.9,Portal,L3-Database,No,2026-09-10T13:36:24.336225+00:00
250,Firewall blocks application traffic,the service becomes unreachable every few minutes. The customer has already tried restarting the service.,Medium,Network,Platform,DNS,Standard,31.48,Portal,L2-Network,Yes,2026-09-14T20:03:59.143466+00:00
251,Load balancer health checks failing,requests time out from the office network. This started after a recent configuration change.,High,Network,Platform,DNS,Enterprise,12.74,Jira,L2-Network,Yes,2026-09-01T08:52:28.447378+00:00
252,Password reset link is invalid,the user receives an access denied response. The issue is currently affecting several users.,Low,Access,Identity,IAM,Enterprise,19.37,Email,Security,Yes,2026-08-22T02:04:36.680218+00:00
253,Laptop will not power on,the issue affects a single employee workstation. The issue is currently affecting several users.,Medium,Hardware,Workplace IT,Printer,Business,0.32,Email,L2-Network,No,2026-09-02T17:49:27.251568+00:00
254,VPN connection drops repeatedly,requests time out from the office network. The issue is currently affecting several users.,High,Network,Platform,Firewall,Business,2.45,Portal,L2-Network,Yes,2026-09-13T09:33:05.368982+00:00
255,Firewall blocks application traffic,requests time out from the office network. The problem is reproducible from the production environment.,Medium,Network,Platform,Load Balancer,Business,2.3,Portal,L2-Network,No,2026-09-12T03:51:58.369806+00:00
256,Search results fail to load,the UI shows an unexpected error message. The customer has already tried restarting the service.,Medium,Application,Customer Portal,Search,Business,13.22,Email,L2-Application,Yes,2026-09-19T16:23:10.269270+00:00
257,Application page shows a blank screen,the application worked yesterday but now fails for multiple users. The customer has already tried restarting the service.,Medium,Application,Customer Portal,Search,Enterprise,4.21,Email,L2-Application,Yes,2026-09-10T16:13:40.544440+00:00
258,VPN connection drops repeatedly,users cannot stay connected to the corporate network. This started after a recent configuration change.,Medium,Network,Platform,VPN,Standard,24.88,Chat,L2-Network,Yes,2026-09-06T19:23:10.619521+00:00
259,Intermittent network connectivity,requests time out from the office network. This started after a recent configuration change.,High,Network,Platform,WiFi,Business,29.87,Jira,L2-Network,Yes,2026-08-28T13:46:07.897143+00:00
260,Database queries are timing out,replica data is several minutes behind primary. The customer has already tried restarting the service.,Low,Database,Data Services,MySQL,Standard,7.22,Chat,L3-Database,No,2026-08-29T18:43:02.697506+00:00
261,Reports are running much slower,transactions are waiting longer than expected. The issue is currently affecting several users.,Medium,Database,Data Services,PostgreSQL,Standard,15.37,Chat,L3-Database,Yes,2026-08-24T01:42:59.777492+00:00
262,Load balancer health checks failing,connections fail after authentication. This started after a recent configuration change.,Low,Network,Platform,Firewall,Enterprise,32.13,Jira,L2-Network,Yes,2026-09-05T18:27:59.532157+00:00
263,Firewall blocks application traffic,requests time out from the office network. The problem is reproducible from the production environment.,Medium,Network,Platform,Firewall,Standard,33.22,Email,L2-Network,Yes,2026-09-06T08:11:53.288994+00:00
264,Database connection pool is exhausted,transactions are waiting longer than expected. The issue is currently affecting several users.,High,Database,Data Services,Replication,Enterprise,2.29,Jira,L3-Database,Yes,2026-08-23T09:46:16.379339+00:00
265,Database connection pool is exhausted,replica data is several minutes behind primary. The issue is currently affecting several users.,Low,Database,Data Services,MySQL,Business,32.28,Email,L3-Database,Yes,2026-09-06T08:03:14.986901+00:00
266,Keyboard stops responding,the issue affects a single employee workstation. This started after a recent configuration change.,Low,Hardware,Workplace IT,Laptop,Business,26.55,Portal,L1-Hardware,Yes,2026-09-12T05:22:44.794563+00:00
267,VPN connection drops repeatedly,connections fail after authentication. This started after a recent configuration change.,Low,Network,Platform,Firewall,Enterprise,3.79,Jira,L2-Network,No,2026-09-04T12:45:47.542079+00:00
268,MFA challenge is failing,login works for other accounts but not this user. The support team has attached the latest logs.,Medium,Access,Identity,Password Reset,Business,31.04,Chat,Security,Yes,2026-08-26T13:16:16.629952+00:00
269,Docking station disconnects,restarting the device did not resolve the problem. The customer has already tried restarting the service.,High,Hardware,Workplace IT,Keyboard,Business,7.67,Portal,L1-Hardware,Yes,2026-08-31T23:10:40.775588+00:00
270,MFA challenge is failing,the authentication flow stops before completion. The problem is reproducible from the production environment.,Medium,Access,Identity,MFA,Enterprise,14.8,Chat,Security,Yes,2026-09-13T16:43:58.894015+00:00
271,Keyboard stops responding,restarting the device did not resolve the problem. The issue is currently affecting several users.,Medium,Hardware,Workplace IT,Dock,Standard,14.41,Jira,L1-Hardware,No,2026-09-07T15:35:25.522394+00:00
272,Keyboard stops responding,restarting the device did not resolve the problem. The support team has attached the latest logs.,Medium,Hardware,Workplace IT,Monitor,Business,12.24,Jira,L1-Hardware,No,2026-08-30T18:59:34.859861+00:00
273,External monitor is not detected,restarting the device did not resolve the problem. The support team has attached the latest logs.,Medium,Hardware,Workplace IT,Laptop,Enterprise,31.7,Portal,L1-Hardware,Yes,2026-08-25T15:44:03.821245+00:00
274,Notification jobs are delayed,logs contain repeated server errors. The customer has already tried restarting the service.,Low,Application,Customer Portal,API,Standard,32.35,Jira,L2-Application,Yes,2026-09-16T20:02:01.082207+00:00
275,User cannot access internal application,login works for other accounts but not this user. The issue is currently affecting several users.,Medium,Access,Identity,MFA,Business,12.11,Email,Security,Yes,2026-09-04T23:42:28.496650+00:00
276,API requests return HTTP 500,the same request succeeds after a retry. The customer has already tried restarting the service.,Low,Application,Customer Portal,Search,Enterprise,2.08,Portal,L2-Application,No,2026-09-02T21:53:34.729506+00:00
277,Application page shows a blank screen,the application worked yesterday but now fails for multiple users. The support team has attached the latest logs.,Medium,Application,Customer Portal,Notifications,Business,35.86,Jira,L2-Application,Yes,2026-09-17T10:48:45.984953+00:00
278,API requests return HTTP 500,customers are unable to complete the workflow. The issue is currently affecting several users.,Medium,Application,Customer Portal,API,Business,11.57,Chat,L2-Application,Yes,2026-08-28T05:35:45.136712+00:00
279,Notification jobs are delayed,the UI shows an unexpected error message. This started after a recent configuration change.,High,Application,Customer Portal,Checkout,Enterprise,19.92,Email,L2-Application,Yes,2026-09-01T05:35:56.461807+00:00
280,Search results fail to load,the application worked yesterday but now fails for multiple users. The support team has attached the latest logs.,Medium,Application,Customer Portal,API,Enterprise,24.3,Jira,L2-Application,Yes,2026-08-29T15:31:17.239697+00:00
281,Docking station disconnects,the issue affects a single employee workstation. The problem is reproducible from the production environment.,Medium,Hardware,Workplace IT,Laptop,Business,13.12,Chat,L1-Hardware,Yes,2026-09-12T22:28:12.611757+00:00
282,API requests return HTTP 500,the application worked yesterday but now fails for multiple users. The customer has already tried restarting the service.,Medium,Application,Customer Portal,Search,Standard,15.4,Chat,L2-Application,Yes,2026-09-09T19:45:15.199442+00:00
283,Backup job failed overnight,the issue is affecting reporting and analytics. The customer has already tried restarting the service.,Medium,Database,Data Services,MySQL,Standard,24.44,Jira,L3-Database,Yes,2026-08-23T07:53:41.225520+00:00
284,VPN connection drops repeatedly,users cannot stay connected to the corporate network. The customer has already tried restarting the service.,Medium,Network,Platform,VPN,Business,11.94,Jira,L2-Network,Yes,2026-09-19T02:08:58.962521+00:00
285,Load balancer health checks failing,the service becomes unreachable every few minutes. The customer has already tried restarting the service.,Low,Network,Platform,WiFi,Business,23.6,Jira,L2-Network,No,2026-09-03T12:21:29.087349+00:00
286,DNS resolution failing for internal service,requests time out from the office network. The issue is currently affecting several users.,Medium,Network,Platform,Firewall,Standard,14.04,Chat,L2-Network,Yes,2026-09-08T18:53:11.239360+00:00
287,User cannot access internal application,the user receives an access denied response. The issue is currently affecting several users.,High,Access,Identity,Password Reset,Enterprise,31.67,Jira,Security,Yes,2026-08-30T14:58:49.422060+00:00
288,Replication is lagging,connections remain open after requests finish. This started after a recent configuration change.,Low,Database,Data Services,PostgreSQL,Standard,10.92,Jira,L3-Database,No,2026-09-06T06:59:57.722137+00:00
289,DNS resolution failing for internal service,packets appear to be dropped intermittently. The issue is currently affecting several users.,Medium,Network,Platform,Firewall,Enterprise,5.76,Chat,L2-Application,No,2026-09-07T18:07:15.179555+00:00
290,Laptop will not power on,restarting the device did not resolve the problem. This started after a recent configuration change.,Medium,Hardware,Workplace IT,Laptop,Business,4.06,Chat,L1-Hardware,No,2026-09-04T09:09:33.709868+00:00
291,Docking station disconnects,the peripheral is intermittently unavailable. The customer has already tried restarting the service.,Medium,Hardware,Workplace IT,Printer,Standard,6.52,Chat,L1-Hardware,No,2026-08-29T22:10:52.361033+00:00
292,Docking station disconnects,a replacement may be required if troubleshooting fails. This started after a recent configuration change.,Low,Hardware,Workplace IT,Laptop,Enterprise,21.9,Chat,L1-Hardware,No,2026-09-19T01:03:38.095766+00:00
293,Database queries are timing out,the issue is affecting reporting and analytics. The support team has attached the latest logs.,Medium,Database,Data Services,Query Engine,Standard,21.17,Jira,L3-Database,Yes,2026-09-11T23:08:16.639710+00:00
294,Keyboard stops responding,a replacement may be required if troubleshooting fails. This started after a recent configuration change.,High,Hardware,Workplace IT,Dock,Standard,33.32,Jira,L1-Hardware,Yes,2026-09-05T09:17:27.685006+00:00
295,Docking station disconnects,a replacement may be required if troubleshooting fails. This started after a recent configuration change.,Low,Hardware,Workplace IT,Monitor,Standard,7.34,Jira,L1-Hardware,No,2026-08-24T05:54:34.544673+00:00
296,Unexpected permission change detected,the account may have incorrect permissions. The customer has already tried restarting the service.,Medium,Access,Identity,Password Reset,Standard,9.92,Chat,Security,Yes,2026-08-27T03:39:44.713994+00:00
297,DNS resolution failing for internal service,users cannot stay connected to the corporate network. This started after a recent configuration change.,High,Network,Platform,WiFi,Standard,27.36,Portal,L2-Network,Yes,2026-08-22T12:13:42.091979+00:00
298,Checkout returns an error,logs contain repeated server errors. The issue is currently affecting several users.,Low,Application,Customer Portal,Search,Standard,18.13,Email,L2-Application,Yes,2026-09-13T07:24:11.793387+00:00
299,User cannot access internal application,the account may have incorrect permissions. The problem is reproducible from the production environment.,High,Access,Identity,Password Reset,Standard,33.0,Chat,Security,Yes,2026-09-15T06:20:58.283965+00:00
300,External monitor is not detected,the device worked earlier in the day. This started after a recent configuration change.,Medium,Hardware,Workplace IT,Laptop,Business,4.87,Jira,L1-Hardware,No,2026-09-10T22:11:17.184155+00:00
301,DNS resolution failing for internal service,users cannot stay connected to the corporate network. The support team has attached the latest logs.,Medium,Network,Platform,Load Balancer,Enterprise,8.38,Portal,L2-Network,Yes,2026-09-16T01:24:06.613461+00:00
302,Firewall blocks application traffic,users cannot stay connected to the corporate network. The issue is currently affecting several users.,Low,Network,Platform,VPN,Business,1.93,Chat,L2-Network,No,2026-09-12T11:30:49.717567+00:00
303,Load balancer health checks failing,the service becomes unreachable every few minutes. The customer has already tried restarting the service.,Medium,Network,Platform,DNS,Enterprise,9.77,Email,L2-Network,No,2026-09-02T01:23:58.117101+00:00
304,Database queries are timing out,connections remain open after requests finish. The customer has already tried restarting the service.,Medium,Database,Data Services,MySQL,Enterprise,31.64,Jira,L3-Database,Yes,2026-08-30T06:11:25.221974+00:00
305,Docking station disconnects,restarting the device did not resolve the problem. The customer has already tried restarting the service.,Low,Hardware,Workplace IT,Keyboard,Business,6.26,Email,L1-Hardware,No,2026-09-05T22:01:52.273734+00:00
306,MFA challenge is failing,the user receives an access denied response. The support team has attached the latest logs.,Low,Access,Identity,SSO,Business,17.2,Portal,Security,No,2026-08-28T03:47:13.843745+00:00
307,Application page shows a blank screen,the UI shows an unexpected error message. The support team has attached the latest logs.,Medium,Application,Customer Portal,API,Business,22.57,Portal,L2-Application,Yes,2026-09-08T18:28:10.011086+00:00
308,Keyboard stops responding,the peripheral is intermittently unavailable. This started after a recent configuration change.,Low,Hardware,Workplace IT,Laptop,Standard,18.65,Email,L1-Hardware,No,2026-09-19T11:59:49.340255+00:00
309,Application page shows a blank screen,the same request succeeds after a retry. This started after a recent configuration change.,High,Application,Customer Portal,Authentication,Standard,11.45,Jira,L2-Application,Yes,2026-09-13T18:29:20.636786+00:00
310,Database queries are timing out,replica data is several minutes behind primary. The customer has already tried restarting the service.,Low,Database,Data Services,MySQL,Business,4.29,Jira,L3-Database,No,2026-09-17T02:36:46.176078+00:00
311,Notification jobs are delayed,the UI shows an unexpected error message. This started after a recent configuration change.,Low,Application,Customer Portal,Checkout,Enterprise,28.25,Email,L2-Application,Yes,2026-08-30T05:34:02.679120+00:00
312,API requests return HTTP 500,the same request succeeds after a retry. The support team has attached the latest logs.,Medium,Application,Customer Portal,Authentication,Enterprise,17.24,Email,L2-Application,Yes,2026-08-26T08:05:58.159254+00:00
313,Application page shows a blank screen,customers are unable to complete the workflow. This started after a recent configuration change.,Medium,Application,Customer Portal,Authentication,Standard,21.23,Jira,L1-General,Yes,2026-09-07T07:46:10.788389+00:00
314,Application page shows a blank screen,the UI shows an unexpected error message. The issue is currently affecting several users.,Low,Application,Customer Portal,Checkout,Business,0.65,Portal,L2-Application,No,2026-09-07T03:18:07.663569+00:00
315,External monitor is not detected,restarting the device did not resolve the problem. The issue is currently affecting several users.,Medium,Hardware,Workplace IT,Keyboard,Standard,22.59,Chat,L1-Hardware,Yes,2026-09-11T01:52:30.434657+00:00
316,Database queries are timing out,replica data is several minutes behind primary. The problem is reproducible from the production environment.,High,Database,Data Services,Replication,Enterprise,0.65,Portal,L3-Database,Yes,2026-09-12T15:56:28.015196+00:00
317,Backup job failed overnight,transactions are waiting longer than expected. The support team has attached the latest logs.,Medium,Database,Data Services,Query Engine,Business,30.26,Jira,L3-Database,Yes,2026-09-01T21:00:49.474834+00:00
318,Password reset link is invalid,the authentication flow stops before completion. The problem is reproducible from the production environment.,Low,Access,Identity,Permissions,Business,15.13,Chat,Security,No,2026-09-13T03:59:01.470568+00:00
319,Load balancer health checks failing,users cannot stay connected to the corporate network. The customer has already tried restarting the service.,High,Network,Platform,Firewall,Standard,33.68,Email,L2-Network,Yes,2026-09-07T11:12:37.458393+00:00
320,VPN connection drops repeatedly,users cannot stay connected to the corporate network. The customer has already tried restarting the service.,High,Network,Platform,WiFi,Enterprise,34.67,Chat,L2-Network,Yes,2026-08-28T18:28:08.211023+00:00
321,DNS resolution failing for internal service,connections fail after authentication. The problem is reproducible from the production environment.,Medium,Network,Platform,DNS,Business,8.11,Email,L2-Network,No,2026-09-12T18:43:12.609202+00:00
322,Keyboard stops responding,the peripheral is intermittently unavailable. The support team has attached the latest logs.,Medium,Hardware,Workplace IT,Keyboard,Business,12.17,Chat,L1-Hardware,No,2026-09-20T01:21:17.811285+00:00
323,Checkout returns an error,the same request succeeds after a retry. The issue is currently affecting several users.,High,Application,Customer Portal,Checkout,Standard,26.88,Jira,L2-Application,Yes,2026-09-13T03:37:57.930378+00:00
324,Load balancer health checks failing,the service becomes unreachable every few minutes. The problem is reproducible from the production environment.,Low,Network,Platform,DNS,Enterprise,32.8,Chat,L2-Network,Yes,2026-09-14T13:52:53.110153+00:00
325,Keyboard stops responding,a replacement may be required if troubleshooting fails. The customer has already tried restarting the service.,High,Hardware,Workplace IT,Dock,Enterprise,17.06,Email,L1-Hardware,Yes,2026-08-25T00:12:31.255689+00:00
326,Load balancer health checks failing,requests time out from the office network. The customer has already tried restarting the service.,Medium,Network,Platform,DNS,Business,24.04,Jira,L2-Network,Yes,2026-09-09T22:30:22.198921+00:00
327,SSO login returns access denied,the account may have incorrect permissions. The support team has attached the latest logs.,Medium,Access,Identity,Permissions,Business,27.7,Email,Security,Yes,2026-09-16T17:35:26.026302+00:00
328,Notification jobs are delayed,the application worked yesterday but now fails for multiple users. The issue is currently affecting several users.,Medium,Application,Customer Portal,Authentication,Business,23.24,Jira,L2-Application,Yes,2026-09-11T19:52:45.874184+00:00
329,Replication is lagging,replica data is several minutes behind primary. The issue is currently affecting several users.,High,Database,Data Services,MySQL,Standard,10.77,Jira,L3-Database,Yes,2026-09-12T12:44:47.907376+00:00
330,Intermittent network connectivity,requests time out from the office network. The support team has attached the latest logs.,High,Network,Platform,DNS,Standard,29.81,Portal,L2-Network,Yes,2026-09-16T16:16:41.040467+00:00
331,Search results fail to load,the application worked yesterday but now fails for multiple users. The problem is reproducible from the production environment.,Medium,Application,Customer Portal,Authentication,Business,27.98,Portal,L2-Application,Yes,2026-08-21T19:23:46.880418+00:00
332,Keyboard stops responding,the issue affects a single employee workstation. This started after a recent configuration change.,Medium,Hardware,Workplace IT,Printer,Standard,12.7,Email,L1-Hardware,Yes,2026-08-28T11:58:51.599834+00:00
333,Backup job failed overnight,connections remain open after requests finish. The customer has already tried restarting the service.,Medium,Database,Data Services,MySQL,Standard,18.88,Jira,L3-Database,Yes,2026-08-31T11:43:08.072247+00:00
334,Database queries are timing out,replica data is several minutes behind primary. The support team has attached the latest logs.,Medium,Database,Data Services,Backup,Standard,24.35,Email,L3-Database,Yes,2026-09-16T22:36:29.783744+00:00
335,Notification jobs are delayed,customers are unable to complete the workflow. The issue is currently affecting several users.,High,Application,Customer Portal,API,Standard,19.07,Email,L2-Application,Yes,2026-09-04T06:48:45.727186+00:00
336,Notification jobs are delayed,customers are unable to complete the workflow. The issue is currently affecting several users.,High,Application,Customer Portal,API,Business,8.78,Chat,L2-Application,Yes,2026-09-16T22:29:44.441022+00:00
337,Replication is lagging,replica data is several minutes behind primary. This started after a recent configuration change.,Low,Database,Data Services,Query Engine,Standard,28.15,Jira,L3-Database,Yes,2026-08-30T12:06:29.931570+00:00
338,Password reset link is invalid,login works for other accounts but not this user. This started after a recent configuration change.,High,Access,Identity,Password Reset,Enterprise,21.4,Portal,Security,Yes,2026-09-04T17:30:14.227103+00:00
339,Laptop will not power on,the device worked earlier in the day. The problem is reproducible from the production environment.,Low,Hardware,Workplace IT,Printer,Business,24.52,Jira,L1-Hardware,No,2026-09-06T11:07:06.996755+00:00
340,API requests return HTTP 500,the same request succeeds after a retry. The problem is reproducible from the production environment.,Medium,Application,Customer Portal,Notifications,Business,13.31,Portal,L2-Application,Yes,2026-09-07T21:47:34.823258+00:00
341,SSO login returns access denied,the authentication flow stops before completion. This started after a recent configuration change.,High,Access,Identity,IAM,Business,29.38,Email,Security,Yes,2026-09-01T23:58:52.919978+00:00
342,Application page shows a blank screen,customers are unable to complete the workflow. This started after a recent configuration change.,High,Application,Customer Portal,API,Standard,4.34,Email,L2-Application,No,2026-09-04T08:37:21.476722+00:00
343,Keyboard stops responding,restarting the device did not resolve the problem. The issue is currently affecting several users.,Medium,Hardware,Workplace IT,Dock,Enterprise,20.61,Chat,L1-Hardware,Yes,2026-09-04T07:35:06.298385+00:00
344,Application page shows a blank screen,logs contain repeated server errors. The support team has attached the latest logs.,High,Application,Customer Portal,API,Standard,6.32,Email,L2-Application,Yes,2026-09-16T02:23:02.288296+00:00
345,Load balancer health checks failing,packets appear to be dropped intermittently. The support team has attached the latest logs.,Low,Network,Platform,WiFi,Business,20.18,Jira,L2-Network,No,2026-09-09T05:38:23.270929+00:00
346,Application page shows a blank screen,logs contain repeated server errors. The support team has attached the latest logs.,Low,Application,Customer Portal,Checkout,Business,18.11,Chat,L2-Application,No,2026-08-30T15:00:07.403445+00:00
347,VPN connection drops repeatedly,connections fail after authentication. The customer has already tried restarting the service.,High,Network,Platform,VPN,Business,28.66,Chat,L2-Network,Yes,2026-08-26T23:20:41.439693+00:00
348,Laptop will not power on,the peripheral is intermittently unavailable. The customer has already tried restarting the service.,Medium,Hardware,Workplace IT,Keyboard,Standard,24.33,Chat,L2-Network,Yes,2026-09-12T14:50:29.719623+00:00
349,External monitor is not detected,the device worked earlier in the day. This started after a recent configuration change.,Medium,Hardware,Workplace IT,Laptop,Standard,26.05,Portal,L1-Hardware,Yes,2026-09-20T00:07:44.976755+00:00
350,Checkout returns an error,the same request succeeds after a retry. The customer has already tried restarting the service.,Low,Application,Customer Portal,Search,Standard,7.99,Email,L2-Application,No,2026-08-25T23:26:10.767879+00:00
351,Checkout returns an error,the same request succeeds after a retry. The customer has already tried restarting the service.,Medium,Application,Customer Portal,Search,Business,20.25,Email,L2-Application,Yes,2026-08-26T23:37:42.439993+00:00
352,Notification jobs are delayed,logs contain repeated server errors. The issue is currently affecting several users.,High,Application,Customer Portal,Notifications,Standard,30.74,Email,L2-Application,Yes,2026-08-31T17:05:36.135006+00:00
353,Replication is lagging,connections remain open after requests finish. The issue is currently affecting several users.,Medium,Database,Data Services,MySQL,Business,7.91,Email,L3-Database,Yes,2026-09-01T10:15:06.212415+00:00
354,Database connection pool is exhausted,transactions are waiting longer than expected. This started after a recent configuration change.,High,Database,Data Services,MySQL,Standard,27.92,Jira,L3-Database,Yes,2026-08-30T19:49:40.643527+00:00
355,Replication is lagging,the scheduled backup did not complete successfully. The problem is reproducible from the production environment.,Low,Database,Data Services,Replication,Business,17.47,Jira,L3-Database,No,2026-09-20T06:43:04.519361+00:00
356,DNS resolution failing for internal service,users cannot stay connected to the corporate network. The support team has attached the latest logs.,High,Network,Platform,Firewall,Enterprise,10.21,Jira,L2-Network,Yes,2026-09-11T19:08:01.295047+00:00
357,VPN connection drops repeatedly,users cannot stay connected to the corporate network. The support team has attached the latest logs.,High,Network,Platform,Firewall,Enterprise,22.58,Portal,L2-Network,Yes,2026-09-10T08:24:29.813138+00:00
358,DNS resolution failing for internal service,the service becomes unreachable every few minutes. This started after a recent configuration change.,Low,Network,Platform,Load Balancer,Enterprise,12.99,Jira,L2-Network,No,2026-09-01T22:18:31.836740+00:00
359,Firewall blocks application traffic,users cannot stay connected to the corporate network. The issue is currently affecting several users.,Medium,Network,Platform,WiFi,Business,8.92,Email,L2-Network,No,2026-09-01T12:29:17.434942+00:00
360,External monitor is not detected,a replacement may be required if troubleshooting fails. The issue is currently affecting several users.,Medium,Hardware,Workplace IT,Dock,Business,12.63,Chat,L1-Hardware,Yes,2026-08-28T05:15:39.311702+00:00
361,Database connection pool is exhausted,connections remain open after requests finish. The customer has already tried restarting the service.,Medium,Database,Data Services,MySQL,Business,13.47,Chat,L3-Database,Yes,2026-08-23T18:46:04.404779+00:00
362,Backup job failed overnight,the scheduled backup did not complete successfully. This started after a recent configuration change.,High,Database,Data Services,MySQL,Enterprise,4.53,Chat,L1-General,Yes,2026-08-21T15:03:57.434747+00:00
363,User cannot access internal application,login works for other accounts but not this user. The problem is reproducible from the production environment.,Medium,Access,Identity,Password Reset,Business,30.32,Email,Security,Yes,2026-08-30T12:08:29.341939+00:00
364,Backup job failed overnight,replica data is several minutes behind primary. The problem is reproducible from the production environment.,Low,Database,Data Services,Replication,Enterprise,18.22,Jira,L3-Database,Yes,2026-08-26T02:02:37.015765+00:00
365,Replication is lagging,transactions are waiting longer than expected. The problem is reproducible from the production environment.,High,Database,Data Services,Replication,Enterprise,25.62,Email,L3-Database,Yes,2026-08-23T20:49:12.670098+00:00
366,Search results fail to load,logs contain repeated server errors. The issue is currently affecting several users.,Low,Application,Customer Portal,Search,Business,16.31,Email,L2-Application,Yes,2026-09-11T13:29:37.098436+00:00
367,Search results fail to load,logs contain repeated server errors. The problem is reproducible from the production environment.,Medium,Application,Customer Portal,Notifications,Enterprise,3.25,Portal,L2-Application,Yes,2026-08-25T13:34:55.976019+00:00
368,Application page shows a blank screen,customers are unable to complete the workflow. The issue is currently affecting several users.,High,Application,Customer Portal,Checkout,Standard,7.07,Chat,L2-Application,Yes,2026-09-10T18:52:49.410787+00:00
369,Password reset link is invalid,the authentication flow stops before completion. The support team has attached the latest logs.,Medium,Access,Identity,Permissions,Standard,12.0,Email,Security,No,2026-09-04T12:20:36.181400+00:00
370,Printer is unavailable,a replacement may be required if troubleshooting fails. The customer has already tried restarting the service.,Medium,Hardware,Workplace IT,Printer,Standard,26.16,Email,L1-Hardware,Yes,2026-09-18T11:12:56.392480+00:00
371,MFA challenge is failing,the authentication flow stops before completion. The problem is reproducible from the production environment.,Medium,Access,Identity,IAM,Standard,3.66,Chat,Security,No,2026-09-06T08:40:37.396437+00:00
372,Laptop will not power on,the issue affects a single employee workstation. The customer has already tried restarting the service.,Medium,Hardware,Workplace IT,Dock,Enterprise,34.9,Jira,L1-Hardware,Yes,2026-08-26T05:58:24.616590+00:00
373,Backup job failed overnight,replica data is several minutes behind primary. The customer has already tried restarting the service.,Low,Database,Data Services,MySQL,Standard,7.07,Portal,L3-Database,No,2026-08-28T01:41:16.746597+00:00
374,Keyboard stops responding,the issue affects a single employee workstation. The support team has attached the latest logs.,High,Hardware,Workplace IT,Dock,Enterprise,9.18,Email,L1-Hardware,Yes,2026-09-14T22:54:06.996023+00:00
375,External monitor is not detected,restarting the device did not resolve the problem. The issue is currently affecting several users.,High,Hardware,Workplace IT,Dock,Standard,17.76,Portal,L1-Hardware,Yes,2026-09-08T12:09:30.294424+00:00
376,DNS resolution failing for internal service,requests time out from the office network. The support team has attached the latest logs.,Low,Network,Platform,VPN,Enterprise,14.73,Chat,L2-Network,Yes,2026-09-12T07:53:36.540783+00:00
377,Firewall blocks application traffic,packets appear to be dropped intermittently. The customer has already tried restarting the service.,Medium,Network,Platform,DNS,Business,12.73,Portal,L2-Network,No,2026-09-19T00:35:32.398423+00:00
378,Search results fail to load,logs contain repeated server errors. The problem is reproducible from the production environment.,Medium,Application,Customer Portal,API,Enterprise,26.14,Portal,L2-Application,Yes,2026-08-24T02:01:32.029302+00:00
379,SSO login returns access denied,the authentication flow stops before completion. The support team has attached the latest logs.,High,Access,Identity,SSO,Standard,6.39,Chat,Security,Yes,2026-09-14T07:00:44.067098+00:00
380,User cannot access internal application,the account may have incorrect permissions. The customer has already tried restarting the service.,Medium,Access,Identity,MFA,Standard,24.04,Chat,Security,Yes,2026-09-19T04:25:18.736436+00:00
381,Search results fail to load,logs contain repeated server errors. The customer has already tried restarting the service.,Medium,Application,Customer Portal,Search,Enterprise,7.87,Jira,L2-Application,Yes,2026-09-05T15:01:08.012053+00:00
382,SSO login returns access denied,login works for other accounts but not this user. The support team has attached the latest logs.,Low,Access,Identity,Permissions,Business,25.46,Email,Security,Yes,2026-09-12T14:31:29.450007+00:00
383,Unexpected permission change detected,login works for other accounts but not this user. The problem is reproducible from the production environment.,Medium,Access,Identity,SSO,Standard,29.15,Jira,Security,Yes,2026-09-14T12:39:57.908591+00:00
384,DNS resolution failing for internal service,the service becomes unreachable every few minutes. This started after a recent configuration change.,Medium,Network,Platform,VPN,Enterprise,12.89,Portal,L2-Network,Yes,2026-09-16T10:06:32.775724+00:00
385,Intermittent network connectivity,requests time out from the office network. The customer has already tried restarting the service.,Medium,Network,Platform,VPN,Business,30.92,Email,L2-Network,Yes,2026-09-19T13:35:19.351595+00:00
386,Docking station disconnects,the peripheral is intermittently unavailable. The problem is reproducible from the production environment.,Low,Hardware,Workplace IT,Printer,Standard,4.66,Jira,L1-Hardware,No,2026-08-22T23:51:50.922486+00:00
387,Checkout returns an error,customers are unable to complete the workflow. The customer has already tried restarting the service.,Medium,Application,Customer Portal,Authentication,Business,14.52,Chat,L2-Application,Yes,2026-09-06T03:55:45.817616+00:00
388,Database queries are timing out,the scheduled backup did not complete successfully. The support team has attached the latest logs.,Low,Database,Data Services,Backup,Standard,15.29,Portal,L3-Database,Yes,2026-08-30T13:30:33.668791+00:00
389,Password reset link is invalid,the user receives an access denied response. The customer has already tried restarting the service.,Low,Access,Identity,Permissions,Business,28.11,Portal,Security,Yes,2026-08-30T15:33:33.629138+00:00
390,VPN connection drops repeatedly,the service becomes unreachable every few minutes. The support team has attached the latest logs.,High,Network,Platform,Firewall,Business,5.77,Email,L2-Network,Yes,2026-08-28T13:09:19.173225+00:00
391,Keyboard stops responding,restarting the device did not resolve the problem. The problem is reproducible from the production environment.,Medium,Hardware,Workplace IT,Printer,Business,20.69,Email,L2-Network,Yes,2026-09-06T05:52:18.664505+00:00
392,Laptop will not power on,the device worked earlier in the day. The problem is reproducible from the production environment.,Medium,Hardware,Workplace IT,Monitor,Business,1.58,Portal,L1-Hardware,No,2026-09-06T18:33:18.608686+00:00
393,DNS resolution failing for internal service,connections fail after authentication. The problem is reproducible from the production environment.,Medium,Network,Platform,WiFi,Business,29.79,Portal,L2-Application,Yes,2026-08-26T06:31:29.090634+00:00
394,API requests return HTTP 500,the same request succeeds after a retry. The problem is reproducible from the production environment.,Low,Application,Customer Portal,Checkout,Standard,27.08,Chat,L2-Application,Yes,2026-08-28T08:15:51.212853+00:00
395,DNS resolution failing for internal service,users cannot stay connected to the corporate network. The customer has already tried restarting the service.,Medium,Network,Platform,Firewall,Business,19.55,Email,L2-Network,Yes,2026-09-19T17:19:08.001872+00:00
396,Laptop will not power on,the issue affects a single employee workstation. The issue is currently affecting several users.,Medium,Hardware,Workplace IT,Keyboard,Enterprise,10.43,Chat,L1-Hardware,No,2026-08-23T23:34:23.034363+00:00
397,Password reset link is invalid,the user receives an access denied response. The support team has attached the latest logs.,Medium,Access,Identity,IAM,Business,1.19,Email,Security,No,2026-08-24T07:29:22.187234+00:00
398,Laptop will not power on,the issue affects a single employee workstation. This started after a recent configuration change.,High,Hardware,Workplace IT,Printer,Business,21.92,Jira,L1-Hardware,Yes,2026-09-19T21:48:48.759053+00:00
399,Checkout returns an error,the UI shows an unexpected error message. The problem is reproducible from the production environment.,Medium,Application,Customer Portal,Notifications,Standard,33.41,Email,L2-Application,Yes,2026-08-23T03:49:22.173361+00:00
400,User cannot access internal application,login works for other accounts but not this user. The issue is currently affecting several users.,Low,Access,Identity,SSO,Standard,8.64,Chat,L2-Application,No,2026-08-21T15:05:11.750888+00:00
401,SSO login returns access denied,login works for other accounts but not this user. The support team has attached the latest logs.,Low,Access,Identity,MFA,Enterprise,15.71,Portal,Security,No,2026-09-19T12:59:54.454355+00:00
402,Laptop will not power on,a replacement may be required if troubleshooting fails. The problem is reproducible from the production environment.,High,Hardware,Workplace IT,Keyboard,Enterprise,4.95,Portal,L1-Hardware,No,2026-08-24T21:56:40.782823+00:00
403,Replication is lagging,the issue is affecting reporting and analytics. This started after a recent configuration change.,Medium,Database,Data Services,Query Engine,Enterprise,5.3,Chat,L3-Database,No,2026-08-25T12:28:19.253712+00:00
404,Keyboard stops responding,the issue affects a single employee workstation. The problem is reproducible from the production environment.,Medium,Hardware,Workplace IT,Monitor,Enterprise,12.53,Portal,L2-Network,Yes,2026-08-22T20:36:30.693039+00:00
405,Load balancer health checks failing,requests time out from the office network. The issue is currently affecting several users.,Medium,Network,Platform,Load Balancer,Standard,17.93,Chat,L2-Network,Yes,2026-09-09T10:30:30.801513+00:00
406,DNS resolution failing for internal service,the service becomes unreachable every few minutes. The support team has attached the latest logs.,Medium,Network,Platform,WiFi,Standard,22.87,Jira,L2-Network,Yes,2026-08-30T22:26:43.877712+00:00
407,Database connection pool is exhausted,transactions are waiting longer than expected. This started after a recent configuration change.,Medium,Database,Data Services,Replication,Business,25.26,Email,L3-Database,Yes,2026-09-02T16:23:57.969194+00:00
408,Intermittent network connectivity,the service becomes unreachable every few minutes. The issue is currently affecting several users.,Low,Network,Platform,VPN,Enterprise,34.14,Chat,L2-Network,Yes,2026-08-30T07:13:51.300368+00:00
409,Replication is lagging,the scheduled backup did not complete successfully. The issue is currently affecting several users.,Medium,Database,Data Services,Backup,Standard,25.22,Chat,L3-Database,Yes,2026-09-15T17:42:36.319175+00:00
410,DNS resolution failing for internal service,connections fail after authentication. This started after a recent configuration change.,High,Network,Platform,DNS,Enterprise,11.12,Chat,L2-Network,Yes,2026-09-10T12:30:59.533487+00:00
411,Printer is unavailable,restarting the device did not resolve the problem. The support team has attached the latest logs.,Low,Hardware,Workplace IT,Printer,Enterprise,30.44,Jira,L1-Hardware,Yes,2026-08-27T17:14:21.546282+00:00
412,MFA challenge is failing,the event should be reviewed for security impact. The customer has already tried restarting the service.,Low,Access,Identity,Permissions,Standard,32.25,Portal,Security,Yes,2026-08-28T10:55:54.041172+00:00
413,DNS resolution failing for internal service,the service becomes unreachable every few minutes. The problem is reproducible from the production environment.,Low,Network,Platform,VPN,Standard,24.53,Jira,L2-Network,Yes,2026-08-24T04:27:03.191950+00:00
414,Database queries are timing out,connections remain open after requests finish. The problem is reproducible from the production environment.,High,Database,Data Services,Backup,Business,6.91,Jira,L3-Database,Yes,2026-09-06T01:46:01.844881+00:00
415,Database queries are timing out,the issue is affecting reporting and analytics. This started after a recent configuration change.,Medium,Database,Data Services,Backup,Enterprise,14.55,Jira,L3-Database,Yes,2026-09-15T14:22:35.110278+00:00
416,Search results fail to load,the application worked yesterday but now fails for multiple users. This started after a recent configuration change.,High,Application,Customer Portal,API,Standard,1.81,Chat,L2-Application,No,2026-09-16T19:28:52.310183+00:00
417,Reports are running much slower,replica data is several minutes behind primary. The customer has already tried restarting the service.,Low,Database,Data Services,Backup,Standard,29.1,Email,L3-Database,Yes,2026-09-02T21:08:31.912231+00:00
418,Laptop will not power on,the issue affects a single employee workstation. The problem is reproducible from the production environment.,Medium,Hardware,Workplace IT,Laptop,Standard,12.34,Portal,L1-Hardware,No,2026-09-04T20:21:31.934109+00:00
419,Firewall blocks application traffic,the service becomes unreachable every few minutes. The issue is currently affecting several users.,Medium,Network,Platform,Firewall,Enterprise,22.54,Portal,L2-Network,Yes,2026-08-29T18:50:57.816125+00:00
420,API requests return HTTP 500,logs contain repeated server errors. This started after a recent configuration change.,High,Application,Customer Portal,Checkout,Enterprise,22.47,Jira,L2-Application,Yes,2026-08-26T02:00:07.530314+00:00
421,Database connection pool is exhausted,the scheduled backup did not complete successfully. This started after a recent configuration change.,Medium,Database,Data Services,Query Engine,Business,23.61,Chat,L3-Database,Yes,2026-08-27T09:01:14.747570+00:00
422,External monitor is not detected,the peripheral is intermittently unavailable. This started after a recent configuration change.,Low,Hardware,Workplace IT,Keyboard,Business,17.84,Jira,L1-Hardware,Yes,2026-08-24T07:23:58.985757+00:00
423,API requests return HTTP 500,customers are unable to complete the workflow. The issue is currently affecting several users.,Low,Application,Customer Portal,Checkout,Standard,20.95,Portal,L2-Application,No,2026-08-25T01:12:24.103551+00:00
424,SSO login returns access denied,the event should be reviewed for security impact. The issue is currently affecting several users.,Low,Access,Identity,Password Reset,Enterprise,18.98,Chat,Security,Yes,2026-09-17T07:25:58.676024+00:00
425,Laptop will not power on,restarting the device did not resolve the problem. This started after a recent configuration change.,Medium,Hardware,Workplace IT,Keyboard,Enterprise,1.58,Portal,L1-Hardware,No,2026-09-19T22:53:47.256102+00:00
426,Firewall blocks application traffic,requests time out from the office network. The issue is currently affecting several users.,High,Network,Platform,VPN,Business,29.52,Jira,L2-Network,Yes,2026-09-01T18:03:24.450744+00:00
427,Intermittent network connectivity,requests time out from the office network. The support team has attached the latest logs.,Low,Network,Platform,Load Balancer,Business,29.38,Jira,L2-Network,Yes,2026-09-19T03:25:52.419422+00:00
428,Replication is lagging,replica data is several minutes behind primary. This started after a recent configuration change.,Low,Database,Data Services,Backup,Enterprise,12.85,Portal,L3-Database,Yes,2026-09-10T16:25:02.470436+00:00
429,DNS resolution failing for internal service,connections fail after authentication. This started after a recent configuration change.,Medium,Network,Platform,Firewall,Enterprise,6.34,Chat,L2-Network,No,2026-09-09T23:48:46.186056+00:00
430,Intermittent network connectivity,users cannot stay connected to the corporate network. The issue is currently affecting several users.,High,Network,Platform,Firewall,Business,1.1,Jira,L2-Network,No,2026-08-31T15:03:01.210311+00:00
431,Search results fail to load,the application worked yesterday but now fails for multiple users. This started after a recent configuration change.,Medium,Application,Customer Portal,API,Business,12.54,Chat,L2-Application,Yes,2026-09-19T04:23:11.987331+00:00
432,Application page shows a blank screen,the application worked yesterday but now fails for multiple users. The support team has attached the latest logs.,Medium,Application,Customer Portal,Checkout,Business,12.73,Portal,L2-Application,No,2026-09-16T04:11:52.572182+00:00
433,Firewall blocks application traffic,users cannot stay connected to the corporate network. This started after a recent configuration change.,Low,Network,Platform,WiFi,Enterprise,30.58,Jira,L2-Network,Yes,2026-08-29T14:54:24.291087+00:00
434,Intermittent network connectivity,the service becomes unreachable every few minutes. The issue is currently affecting several users.,Medium,Network,Platform,Firewall,Enterprise,7.8,Email,L2-Network,No,2026-08-23T00:31:53.352357+00:00
435,Password reset link is invalid,the user receives an access denied response. The problem is reproducible from the production environment.,High,Access,Identity,Password Reset,Standard,26.17,Chat,Security,Yes,2026-08-27T05:19:40.625564+00:00
436,Laptop will not power on,the peripheral is intermittently unavailable. The support team has attached the latest logs.,Medium,Hardware,Workplace IT,Printer,Business,9.06,Email,L1-Hardware,No,2026-08-22T04:55:22.831423+00:00
437,Database queries are timing out,transactions are waiting longer than expected. The support team has attached the latest logs.,Medium,Database,Data Services,Backup,Standard,4.89,Portal,L3-Database,Yes,2026-08-31T02:39:17.194149+00:00
438,Intermittent network connectivity,users cannot stay connected to the corporate network. The issue is currently affecting several users.,Medium,Network,Platform,DNS,Standard,16.0,Email,L2-Network,Yes,2026-09-11T07:19:19.219627+00:00
439,Notification jobs are delayed,the application worked yesterday but now fails for multiple users. The support team has attached the latest logs.,Medium,Application,Customer Portal,Notifications,Enterprise,29.76,Chat,L2-Application,Yes,2026-08-25T05:36:56.077621+00:00
440,DNS resolution failing for internal service,packets appear to be dropped intermittently. The support team has attached the latest logs.,High,Network,Platform,VPN,Business,10.64,Portal,L2-Network,Yes,2026-08-23T21:32:16.062491+00:00
441,Printer is unavailable,the device worked earlier in the day. The problem is reproducible from the production environment.,Low,Hardware,Workplace IT,Laptop,Business,28.5,Portal,L1-Hardware,Yes,2026-08-31T08:15:57.573038+00:00
442,Application page shows a blank screen,logs contain repeated server errors. This started after a recent configuration change.,Medium,Application,Customer Portal,API,Business,13.41,Portal,L2-Application,Yes,2026-09-09T00:20:15.166513+00:00
443,Database queries are timing out,replica data is several minutes behind primary. The customer has already tried restarting the service.,Low,Database,Data Services,Backup,Standard,21.82,Chat,L3-Database,Yes,2026-09-06T01:44:01.929224+00:00
444,VPN connection drops repeatedly,connections fail after authentication. The problem is reproducible from the production environment.,Low,Network,Platform,Load Balancer,Enterprise,21.28,Jira,L2-Network,No,2026-09-09T13:49:01.627510+00:00
445,Docking station disconnects,the issue affects a single employee workstation. This started after a recent configuration change.,High,Hardware,Workplace IT,Laptop,Enterprise,10.74,Portal,L1-Hardware,Yes,2026-08-31T04:04:27.012111+00:00
446,External monitor is not detected,the peripheral is intermittently unavailable. The problem is reproducible from the production environment.,Low,Hardware,Workplace IT,Monitor,Business,25.48,Jira,L1-Hardware,Yes,2026-09-13T21:41:41.728307+00:00
447,Database queries are timing out,transactions are waiting longer than expected. The issue is currently affecting several users.,Low,Database,Data Services,Backup,Enterprise,24.47,Jira,L3-Database,Yes,2026-08-25T19:15:05.124329+00:00
448,Checkout returns an error,the UI shows an unexpected error message. The issue is currently affecting several users.,High,Application,Customer Portal,Checkout,Standard,16.44,Jira,L2-Application,Yes,2026-08-26T23:44:16.831879+00:00
449,Search results fail to load,the UI shows an unexpected error message. The problem is reproducible from the production environment.,Low,Application,Customer Portal,Search,Enterprise,6.71,Email,L2-Application,No,2026-09-06T00:51:19.874005+00:00
450,Search results fail to load,the same request succeeds after a retry. The support team has attached the latest logs.,High,Application,Customer Portal,Authentication,Standard,9.72,Email,L2-Application,Yes,2026-09-07T05:31:22.365648+00:00
451,External monitor is not detected,the peripheral is intermittently unavailable. The support team has attached the latest logs.,Medium,Hardware,Workplace IT,Dock,Business,6.29,Portal,L2-Network,No,2026-09-03T08:23:22.489337+00:00
452,VPN connection drops repeatedly,packets appear to be dropped intermittently. This started after a recent configuration change.,Medium,Network,Platform,WiFi,Standard,30.09,Chat,L2-Network,Yes,2026-09-05T10:08:13.511232+00:00
453,Database connection pool is exhausted,the issue is affecting reporting and analytics. The customer has already tried restarting the service.,Low,Database,Data Services,Query Engine,Business,34.51,Jira,L3-Database,Yes,2026-09-20T04:33:43.198483+00:00
454,DNS resolution failing for internal service,requests time out from the office network. This started after a recent configuration change.,Medium,Network,Platform,Firewall,Standard,20.29,Chat,L2-Network,Yes,2026-08-27T14:54:37.120863+00:00
455,Application page shows a blank screen,the same request succeeds after a retry. This started after a recent configuration change.,High,Application,Customer Portal,Checkout,Standard,27.75,Email,L2-Application,Yes,2026-09-03T08:09:59.291169+00:00
456,VPN connection drops repeatedly,the service becomes unreachable every few minutes. This started after a recent configuration change.,High,Network,Platform,VPN,Enterprise,16.24,Jira,L2-Network,Yes,2026-08-30T04:25:28.931018+00:00
457,Search results fail to load,the application worked yesterday but now fails for multiple users. The support team has attached the latest logs.,Medium,Application,Customer Portal,Search,Standard,34.75,Email,L2-Application,Yes,2026-08-22T11:52:46.850798+00:00
458,Laptop will not power on,the issue affects a single employee workstation. The issue is currently affecting several users.,Low,Hardware,Workplace IT,Monitor,Standard,23.59,Email,L1-Hardware,No,2026-09-06T07:55:30.166914+00:00
459,Checkout returns an error,the same request succeeds after a retry. The issue is currently affecting several users.,Medium,Application,Customer Portal,Checkout,Standard,24.88,Jira,L2-Application,Yes,2026-08-23T01:22:06.591970+00:00
460,External monitor is not detected,restarting the device did not resolve the problem. The issue is currently affecting several users.,High,Hardware,Workplace IT,Dock,Enterprise,14.04,Jira,L1-Hardware,Yes,2026-09-07T18:27:27.043465+00:00
461,DNS resolution failing for internal service,the service becomes unreachable every few minutes. The customer has already tried restarting the service.,Low,Network,Platform,DNS,Standard,4.75,Chat,L2-Network,No,2026-08-30T14:06:05.729971+00:00
462,Notification jobs are delayed,the same request succeeds after a retry. The support team has attached the latest logs.,High,Application,Customer Portal,Notifications,Enterprise,12.7,Email,L2-Network,Yes,2026-09-09T17:20:26.616874+00:00
463,Firewall blocks application traffic,packets appear to be dropped intermittently. The problem is reproducible from the production environment.,Low,Network,Platform,Load Balancer,Enterprise,18.53,Chat,L2-Network,No,2026-09-18T01:15:35.992070+00:00
464,Intermittent network connectivity,the service becomes unreachable every few minutes. The problem is reproducible from the production environment.,Low,Network,Platform,Load Balancer,Standard,5.2,Chat,L2-Network,No,2026-09-05T10:52:20.936037+00:00
465,Application page shows a blank screen,the UI shows an unexpected error message. The issue is currently affecting several users.,High,Application,Customer Portal,Checkout,Enterprise,26.91,Chat,L2-Application,Yes,2026-08-28T12:25:14.604090+00:00
466,Application page shows a blank screen,the UI shows an unexpected error message. The problem is reproducible from the production environment.,Low,Application,Customer Portal,Search,Standard,1.76,Chat,L2-Application,No,2026-08-26T13:12:07.545790+00:00
467,VPN connection drops repeatedly,the service becomes unreachable every few minutes. The customer has already tried restarting the service.,Low,Network,Platform,Load Balancer,Standard,32.36,Jira,L2-Network,Yes,2026-09-10T02:11:52.760393+00:00
468,Reports are running much slower,the issue is affecting reporting and analytics. The support team has attached the latest logs.,Medium,Database,Data Services,Replication,Standard,31.92,Portal,L1-General,Yes,2026-08-22T10:36:04.655731+00:00
469,External monitor is not detected,the device worked earlier in the day. The support team has attached the latest logs.,Medium,Hardware,Workplace IT,Monitor,Business,8.29,Portal,L2-Network,Yes,2026-09-06T11:31:13.727535+00:00
470,Notification jobs are delayed,the same request succeeds after a retry. The issue is currently affecting several users.,High,Application,Customer Portal,API,Enterprise,12.55,Email,L2-Application,Yes,2026-08-25T14:09:18.409416+00:00
471,Laptop will not power on,restarting the device did not resolve the problem. This started after a recent configuration change.,Low,Hardware,Workplace IT,Laptop,Enterprise,17.53,Portal,L1-Hardware,Yes,2026-09-06T12:22:36.749295+00:00
472,MFA challenge is failing,the event should be reviewed for security impact. The support team has attached the latest logs.,Low,Access,Identity,IAM,Enterprise,30.33,Portal,Security,Yes,2026-09-12T02:40:46.931558+00:00
473,Replication is lagging,the scheduled backup did not complete successfully. The customer has already tried restarting the service.,Medium,Database,Data Services,Replication,Business,4.75,Jira,L3-Database,No,2026-08-26T23:45:26.646823+00:00
474,Keyboard stops responding,the device worked earlier in the day. This started after a recent configuration change.,Medium,Hardware,Workplace IT,Dock,Enterprise,22.4,Jira,L2-Network,Yes,2026-08-25T04:13:13.063218+00:00
475,Database connection pool is exhausted,replica data is several minutes behind primary. The issue is currently affecting several users.,Low,Database,Data Services,PostgreSQL,Business,4.18,Chat,L3-Database,No,2026-09-10T21:45:28.332060+00:00
476,DNS resolution failing for internal service,users cannot stay connected to the corporate network. The issue is currently affecting several users.,Medium,Network,Platform,Firewall,Standard,6.68,Jira,L2-Network,No,2026-09-11T13:50:10.670905+00:00
477,Database queries are timing out,the scheduled backup did not complete successfully. The support team has attached the latest logs.,High,Database,Data Services,Replication,Standard,8.95,Portal,L3-Database,Yes,2026-08-26T04:16:44.559291+00:00
478,Checkout returns an error,logs contain repeated server errors. The problem is reproducible from the production environment.,High,Application,Customer Portal,Checkout,Standard,25.45,Chat,L2-Application,Yes,2026-08-21T12:22:31.196328+00:00
479,Keyboard stops responding,the issue affects a single employee workstation. The support team has attached the latest logs.,Low,Hardware,Workplace IT,Dock,Standard,4.51,Jira,L1-Hardware,No,2026-09-07T00:37:50.745147+00:00
480,Load balancer health checks failing,the service becomes unreachable every few minutes. The customer has already tried restarting the service.,Medium,Network,Platform,WiFi,Standard,12.05,Chat,L2-Network,Yes,2026-09-06T13:51:31.998588+00:00
481,MFA challenge is failing,the event should be reviewed for security impact. This started after a recent configuration change.,Medium,Access,Identity,MFA,Business,6.63,Portal,Security,No,2026-08-30T07:15:19.146362+00:00
482,Reports are running much slower,the scheduled backup did not complete successfully. The issue is currently affecting several users.,Medium,Database,Data Services,MySQL,Business,14.09,Chat,L3-Database,Yes,2026-08-26T06:42:48.830164+00:00
483,Docking station disconnects,the issue affects a single employee workstation. This started after a recent configuration change.,High,Hardware,Workplace IT,Laptop,Standard,19.39,Portal,L1-Hardware,Yes,2026-09-13T16:41:38.650525+00:00
484,Docking station disconnects,the issue affects a single employee workstation. The problem is reproducible from the production environment.,Low,Hardware,Workplace IT,Printer,Business,15.03,Chat,L1-Hardware,No,2026-08-25T00:59:04.688415+00:00
485,Database connection pool is exhausted,the issue is affecting reporting and analytics. This started after a recent configuration change.,Medium,Database,Data Services,PostgreSQL,Enterprise,12.98,Jira,L3-Database,Yes,2026-08-22T00:36:01.776297+00:00
486,Printer is unavailable,the peripheral is intermittently unavailable. The problem is reproducible from the production environment.,Medium,Hardware,Workplace IT,Monitor,Enterprise,32.6,Email,L1-Hardware,Yes,2026-08-24T16:24:43.395320+00:00
487,Intermittent network connectivity,connections fail after authentication. The issue is currently affecting several users.,High,Network,Platform,WiFi,Standard,34.63,Chat,L2-Network,Yes,2026-09-16T17:04:47.929166+00:00
488,Replication is lagging,transactions are waiting longer than expected. This started after a recent configuration change.,Medium,Database,Data Services,MySQL,Enterprise,28.46,Email,L3-Database,Yes,2026-09-16T08:50:24.236521+00:00
489,Intermittent network connectivity,connections fail after authentication. The support team has attached the latest logs.,High,Network,Platform,VPN,Standard,8.1,Portal,L2-Network,Yes,2026-09-06T23:55:52.240324+00:00
490,Replication is lagging,connections remain open after requests finish. The issue is currently affecting several users.,Medium,Database,Data Services,Backup,Standard,32.34,Portal,L3-Database,Yes,2026-08-31T00:52:19.595286+00:00
491,Search results fail to load,the UI shows an unexpected error message. The support team has attached the latest logs.,Low,Application,Customer Portal,API,Business,33.66,Chat,L2-Application,Yes,2026-09-17T09:40:10.029251+00:00
492,VPN connection drops repeatedly,connections fail after authentication. This started after a recent configuration change.,Medium,Network,Platform,Firewall,Standard,15.06,Jira,L2-Network,No,2026-08-23T17:47:47.613364+00:00
493,Intermittent network connectivity,requests time out from the office network. The problem is reproducible from the production environment.,Medium,Network,Platform,VPN,Business,28.16,Portal,L2-Network,Yes,2026-08-22T21:26:23.322122+00:00
494,User cannot access internal application,the authentication flow stops before completion. The support team has attached the latest logs.,Low,Access,Identity,Permissions,Standard,35.57,Email,Security,Yes,2026-09-13T11:44:16.691661+00:00
495,Search results fail to load,logs contain repeated server errors. This started after a recent configuration change.,Medium,Application,Customer Portal,Checkout,Standard,17.35,Jira,L2-Application,Yes,2026-09-06T23:04:29.100975+00:00
496,Reports are running much slower,the issue is affecting reporting and analytics. This started after a recent configuration change.,Low,Database,Data Services,PostgreSQL,Enterprise,21.7,Email,L3-Database,Yes,2026-09-02T07:58:14.849988+00:00
497,Load balancer health checks failing,connections fail after authentication. This started after a recent configuration change.,High,Network,Platform,VPN,Business,6.09,Jira,L2-Network,Yes,2026-09-03T21:18:36.006501+00:00
498,Notification jobs are delayed,the application worked yesterday but now fails for multiple users. The support team has attached the latest logs.,Medium,Application,Customer Portal,API,Enterprise,3.1,Jira,L2-Application,No,2026-09-15T03:26:33.935056+00:00
499,Database connection pool is exhausted,replica data is several minutes behind primary. The issue is currently affecting several users.,Low,Database,Data Services,Query Engine,Business,28.49,Email,L3-Database,Yes,2026-09-07T19:40:59.767889+00:00
500,Reports are running much slower,the scheduled backup did not complete successfully. The problem is reproducible from the production environment.,Medium,Database,Data Services,Query Engine,Business,13.88,Portal,L2-Application,Yes,2026-09-17T10:07:17.251120+00:00
501,Keyboard stops responding,the device worked earlier in the day. The problem is reproducible from the production environment.,Medium,Hardware,Workplace IT,Keyboard,Standard,29.41,Portal,L1-Hardware,Yes,2026-09-11T22:52:13.741992+00:00
502,Intermittent network connectivity,packets appear to be dropped intermittently. The customer has already tried restarting the service.,Medium,Network,Platform,DNS,Standard,11.92,Jira,L2-Network,No,2026-08-27T17:38:33.215661+00:00
503,Unexpected permission change detected,the account may have incorrect permissions. The customer has already tried restarting the service.,Medium,Access,Identity,IAM,Business,13.56,Jira,Security,Yes,2026-08-22T07:29:52.300696+00:00
504,Docking station disconnects,the issue affects a single employee workstation. This started after a recent configuration change.,Medium,Hardware,Workplace IT,Keyboard,Standard,8.1,Portal,L1-Hardware,No,2026-08-25T01:54:02.155793+00:00
505,VPN connection drops repeatedly,the service becomes unreachable every few minutes. The problem is reproducible from the production environment.,High,Network,Platform,VPN,Enterprise,16.56,Portal,L2-Network,Yes,2026-09-03T03:17:57.747828+00:00
506,MFA challenge is failing,the event should be reviewed for security impact. The support team has attached the latest logs.,High,Access,Identity,SSO,Enterprise,4.3,Chat,Security,Yes,2026-09-03T21:39:20.861387+00:00
507,Application page shows a blank screen,the same request succeeds after a retry. This started after a recent configuration change.,Medium,Application,Customer Portal,Checkout,Business,33.68,Jira,L2-Application,Yes,2026-08-23T22:28:25.920494+00:00
508,Intermittent network connectivity,the service becomes unreachable every few minutes. The customer has already tried restarting the service.,Medium,Network,Platform,WiFi,Standard,26.66,Email,L2-Network,Yes,2026-09-03T04:44:32.862162+00:00
509,External monitor is not detected,a replacement may be required if troubleshooting fails. The customer has already tried restarting the service.,Medium,Hardware,Workplace IT,Monitor,Standard,4.91,Email,L2-Network,No,2026-09-14T15:01:12.455194+00:00
510,Search results fail to load,customers are unable to complete the workflow. The support team has attached the latest logs.,Medium,Application,Customer Portal,API,Standard,5.25,Email,L2-Application,No,2026-09-13T22:53:46.524323+00:00
511,Application page shows a blank screen,customers are unable to complete the workflow. The problem is reproducible from the production environment.,Low,Application,Customer Portal,Notifications,Standard,8.47,Jira,L2-Application,No,2026-09-15T02:35:49.067451+00:00
512,Intermittent network connectivity,the service becomes unreachable every few minutes. The problem is reproducible from the production environment.,Medium,Network,Platform,Load Balancer,Enterprise,35.3,Chat,L2-Network,Yes,2026-08-24T05:38:35.978263+00:00
513,Firewall blocks application traffic,packets appear to be dropped intermittently. The support team has attached the latest logs.,Medium,Network,Platform,Firewall,Standard,17.88,Portal,L2-Network,Yes,2026-08-31T06:51:52.675953+00:00
514,MFA challenge is failing,the event should be reviewed for security impact. The customer has already tried restarting the service.,Low,Access,Identity,Password Reset,Enterprise,21.64,Portal,Security,Yes,2026-08-24T20:07:20.528817+00:00
515,Firewall blocks application traffic,requests time out from the office network. The support team has attached the latest logs.,Medium,Network,Platform,Load Balancer,Standard,18.93,Chat,L2-Network,Yes,2026-09-12T05:43:53.008623+00:00
516,Search results fail to load,customers are unable to complete the workflow. The issue is currently affecting several users.,Medium,Application,Customer Portal,Authentication,Standard,12.42,Jira,L2-Application,No,2026-09-16T17:52:11.154920+00:00
517,Laptop will not power on,the peripheral is intermittently unavailable. This started after a recent configuration change.,Medium,Hardware,Workplace IT,Keyboard,Business,7.49,Jira,L1-Hardware,No,2026-09-02T14:52:17.217418+00:00
518,Keyboard stops responding,the peripheral is intermittently unavailable. This started after a recent configuration change.,Medium,Hardware,Workplace IT,Keyboard,Business,17.18,Jira,L1-Hardware,Yes,2026-08-26T00:51:00.271558+00:00
519,Password reset link is invalid,login works for other accounts but not this user. The support team has attached the latest logs.,Medium,Access,Identity,IAM,Enterprise,11.24,Portal,Security,Yes,2026-09-17T03:19:15.706006+00:00
520,Laptop will not power on,the peripheral is intermittently unavailable. The problem is reproducible from the production environment.,Medium,Hardware,Workplace IT,Dock,Business,27.26,Email,L1-Hardware,Yes,2026-09-16T16:02:24.409265+00:00
521,Reports are running much slower,connections remain open after requests finish. The problem is reproducible from the production environment.,Low,Database,Data Services,MySQL,Enterprise,30.02,Jira,L3-Database,Yes,2026-09-06T09:20:02.652312+00:00
522,DNS resolution failing for internal service,users cannot stay connected to the corporate network. The problem is reproducible from the production environment.,Low,Network,Platform,DNS,Enterprise,13.79,Jira,L2-Network,No,2026-09-15T20:15:49.426191+00:00
523,Backup job failed overnight,the issue is affecting reporting and analytics. This started after a recent configuration change.,Medium,Database,Data Services,Backup,Enterprise,27.37,Jira,L3-Database,Yes,2026-08-22T13:30:12.686782+00:00
524,Database queries are timing out,replica data is several minutes behind primary. The problem is reproducible from the production environment.,Medium,Database,Data Services,PostgreSQL,Standard,13.15,Chat,L3-Database,Yes,2026-09-07T01:32:32.088431+00:00
525,Application page shows a blank screen,the application worked yesterday but now fails for multiple users. The customer has already tried restarting the service.,Medium,Application,Customer Portal,Checkout,Enterprise,4.09,Portal,L2-Application,No,2026-09-19T11:32:13.544037+00:00
526,Unexpected permission change detected,login works for other accounts but not this user. This started after a recent configuration change.,Medium,Access,Identity,SSO,Enterprise,9.66,Chat,Security,No,2026-09-12T08:46:27.354148+00:00
527,Notification jobs are delayed,customers are unable to complete the workflow. The problem is reproducible from the production environment.,Medium,Application,Customer Portal,API,Business,20.98,Email,L2-Application,Yes,2026-09-06T12:53:35.648025+00:00
528,Intermittent network connectivity,users cannot stay connected to the corporate network. The customer has already tried restarting the service.,Low,Network,Platform,WiFi,Enterprise,10.58,Jira,L2-Network,No,2026-09-15T12:23:34.765114+00:00
529,API requests return HTTP 500,the UI shows an unexpected error message. The problem is reproducible from the production environment.,Medium,Application,Customer Portal,Authentication,Standard,32.04,Chat,L2-Application,Yes,2026-08-29T01:15:28.937240+00:00
530,Database connection pool is exhausted,connections remain open after requests finish. The support team has attached the latest logs.,High,Database,Data Services,MySQL,Enterprise,4.11,Portal,L3-Database,Yes,2026-08-22T12:16:44.572556+00:00
531,Intermittent network connectivity,users cannot stay connected to the corporate network. The problem is reproducible from the production environment.,Low,Network,Platform,Load Balancer,Enterprise,30.53,Jira,L2-Network,Yes,2026-08-29T22:27:51.352743+00:00
532,VPN connection drops repeatedly,requests time out from the office network. The issue is currently affecting several users.,Medium,Network,Platform,VPN,Enterprise,15.08,Portal,L2-Network,Yes,2026-09-02T19:31:15.129441+00:00
533,Replication is lagging,transactions are waiting longer than expected. The issue is currently affecting several users.,Medium,Database,Data Services,PostgreSQL,Enterprise,33.9,Chat,L3-Database,Yes,2026-09-17T08:16:34.557795+00:00
534,MFA challenge is failing,login works for other accounts but not this user. The issue is currently affecting several users.,High,Access,Identity,SSO,Enterprise,19.59,Email,Security,Yes,2026-08-26T05:26:12.234870+00:00
535,Replication is lagging,connections remain open after requests finish. The support team has attached the latest logs.,Medium,Database,Data Services,PostgreSQL,Enterprise,15.62,Portal,L3-Database,Yes,2026-09-04T08:20:22.029952+00:00
536,Checkout returns an error,customers are unable to complete the workflow. This started after a recent configuration change.,High,Application,Customer Portal,Authentication,Business,23.04,Jira,L2-Application,Yes,2026-09-20T01:35:47.259984+00:00
537,Replication is lagging,connections remain open after requests finish. The issue is currently affecting several users.,Low,Database,Data Services,PostgreSQL,Enterprise,16.71,Portal,L3-Database,Yes,2026-08-24T18:35:14.349426+00:00
538,Firewall blocks application traffic,users cannot stay connected to the corporate network. The customer has already tried restarting the service.,High,Network,Platform,DNS,Enterprise,23.77,Email,L1-Hardware,Yes,2026-08-23T03:38:48.487950+00:00
539,SSO login returns access denied,the account may have incorrect permissions. The customer has already tried restarting the service.,High,Access,Identity,Password Reset,Standard,14.04,Jira,Security,Yes,2026-08-30T22:04:38.609353+00:00
540,Docking station disconnects,the peripheral is intermittently unavailable. This started after a recent configuration change.,Medium,Hardware,Workplace IT,Laptop,Standard,17.89,Jira,L1-Hardware,Yes,2026-08-31T02:17:06.389007+00:00
541,SSO login returns access denied,login works for other accounts but not this user. The support team has attached the latest logs.,Medium,Access,Identity,Password Reset,Enterprise,32.73,Jira,Security,Yes,2026-08-31T14:53:47.428343+00:00
542,Checkout returns an error,logs contain repeated server errors. The problem is reproducible from the production environment.,High,Application,Customer Portal,Notifications,Standard,28.21,Portal,L2-Application,Yes,2026-09-07T01:48:49.061030+00:00
543,Reports are running much slower,the scheduled backup did not complete successfully. The customer has already tried restarting the service.,Low,Database,Data Services,MySQL,Enterprise,6.76,Email,L3-Database,No,2026-08-26T02:03:10.499507+00:00
544,Notification jobs are delayed,the UI shows an unexpected error message. The problem is reproducible from the production environment.,Medium,Application,Customer Portal,Notifications,Standard,32.21,Email,L2-Application,Yes,2026-09-06T18:12:08.783637+00:00
545,Laptop will not power on,restarting the device did not resolve the problem. The problem is reproducible from the production environment.,Low,Hardware,Workplace IT,Monitor,Enterprise,6.24,Chat,L1-Hardware,No,2026-08-27T01:07:03.618462+00:00
546,Laptop will not power on,the peripheral is intermittently unavailable. The customer has already tried restarting the service.,Low,Hardware,Workplace IT,Laptop,Standard,20.24,Chat,L2-Network,No,2026-09-11T16:26:01.426952+00:00
547,SSO login returns access denied,the authentication flow stops before completion. The support team has attached the latest logs.,Medium,Access,Identity,Permissions,Business,10.94,Jira,Security,No,2026-09-16T13:22:43.585445+00:00
548,Intermittent network connectivity,the service becomes unreachable every few minutes. This started after a recent configuration change.,Low,Network,Platform,Firewall,Enterprise,21.8,Chat,L2-Network,No,2026-08-26T12:55:01.621578+00:00
549,Reports are running much slower,connections remain open after requests finish. This started after a recent configuration change.,Low,Database,Data Services,PostgreSQL,Business,29.57,Jira,L3-Database,Yes,2026-08-27T21:40:57.580239+00:00
550,Backup job failed overnight,the scheduled backup did not complete successfully. The support team has attached the latest logs.,Medium,Database,Data Services,PostgreSQL,Enterprise,22.57,Jira,L3-Database,Yes,2026-09-17T13:50:31.031343+00:00
551,Reports are running much slower,connections remain open after requests finish. The problem is reproducible from the production environment.,Low,Database,Data Services,Replication,Business,33.81,Email,L3-Database,Yes,2026-08-30T18:19:59.584861+00:00
552,Intermittent network connectivity,packets appear to be dropped intermittently. The customer has already tried restarting the service.,Medium,Network,Platform,Firewall,Standard,8.94,Jira,L2-Network,Yes,2026-09-01T06:48:38.761569+00:00
553,VPN connection drops repeatedly,requests time out from the office network. The problem is reproducible from the production environment.,Low,Network,Platform,VPN,Enterprise,11.14,Jira,L2-Network,No,2026-08-22T16:47:57.307066+00:00
554,Notification jobs are delayed,logs contain repeated server errors. The problem is reproducible from the production environment.,Medium,Application,Customer Portal,Checkout,Enterprise,29.69,Jira,L2-Application,Yes,2026-09-05T15:25:58.696825+00:00
555,Search results fail to load,the same request succeeds after a retry. The support team has attached the latest logs.,Medium,Application,Customer Portal,API,Standard,11.54,Portal,L2-Application,No,2026-09-18T10:44:40.207639+00:00
556,Search results fail to load,the same request succeeds after a retry. The support team has attached the latest logs.,Low,Application,Customer Portal,Checkout,Business,5.36,Email,L2-Application,No,2026-09-10T19:42:54.204564+00:00
557,Printer is unavailable,the peripheral is intermittently unavailable. This started after a recent configuration change.,High,Hardware,Workplace IT,Dock,Standard,16.94,Jira,L1-Hardware,Yes,2026-09-14T01:11:37.051386+00:00
558,Database queries are timing out,connections remain open after requests finish. This started after a recent configuration change.,Low,Database,Data Services,Replication,Standard,1.28,Portal,L3-Database,No,2026-09-07T21:52:30.423118+00:00
559,API requests return HTTP 500,logs contain repeated server errors. The problem is reproducible from the production environment.,Low,Application,Customer Portal,Checkout,Standard,3.54,Jira,L2-Application,No,2026-09-04T06:19:01.783457+00:00
560,Notification jobs are delayed,the same request succeeds after a retry. The support team has attached the latest logs.,Medium,Application,Customer Portal,Authentication,Enterprise,9.14,Email,L2-Application,No,2026-09-08T19:49:37.491351+00:00
561,Docking station disconnects,the device worked earlier in the day. The issue is currently affecting several users.,Medium,Hardware,Workplace IT,Printer,Standard,27.27,Chat,L1-Hardware,Yes,2026-08-29T23:50:13.674643+00:00
562,External monitor is not detected,the peripheral is intermittently unavailable. The issue is currently affecting several users.,Medium,Hardware,Workplace IT,Laptop,Enterprise,17.23,Chat,L1-Hardware,Yes,2026-09-18T15:05:19.640137+00:00
563,VPN connection drops repeatedly,the service becomes unreachable every few minutes. The problem is reproducible from the production environment.,Medium,Network,Platform,WiFi,Business,19.47,Portal,L2-Application,Yes,2026-08-26T02:40:37.601508+00:00
564,VPN connection drops repeatedly,users cannot stay connected to the corporate network. The support team has attached the latest logs.,Low,Network,Platform,Load Balancer,Business,33.27,Email,L2-Network,Yes,2026-08-22T14:04:44.799024+00:00
565,External monitor is not detected,the issue affects a single employee workstation. The support team has attached the latest logs.,Medium,Hardware,Workplace IT,Monitor,Enterprise,14.55,Email,L1-Hardware,Yes,2026-08-31T22:18:21.861767+00:00
566,Intermittent network connectivity,packets appear to be dropped intermittently. This started after a recent configuration change.,High,Network,Platform,WiFi,Business,15.41,Jira,L2-Network,Yes,2026-09-08T20:12:02.761955+00:00
567,API requests return HTTP 500,the same request succeeds after a retry. The customer has already tried restarting the service.,Low,Application,Customer Portal,Search,Enterprise,1.54,Jira,L2-Application,No,2026-09-10T18:53:37.885882+00:00
568,Replication is lagging,the scheduled backup did not complete successfully. The customer has already tried restarting the service.,High,Database,Data Services,MySQL,Business,10.62,Jira,L3-Database,Yes,2026-09-10T12:34:15.073467+00:00
569,Keyboard stops responding,restarting the device did not resolve the problem. The support team has attached the latest logs.,Medium,Hardware,Workplace IT,Printer,Business,35.92,Email,L1-Hardware,Yes,2026-09-02T05:40:31.658352+00:00
570,Reports are running much slower,connections remain open after requests finish. The problem is reproducible from the production environment.,High,Database,Data Services,Backup,Business,9.63,Portal,L3-Database,Yes,2026-08-28T18:58:08.701201+00:00
571,Search results fail to load,the same request succeeds after a retry. The support team has attached the latest logs.,Low,Application,Customer Portal,API,Enterprise,17.93,Portal,L2-Application,Yes,2026-09-14T05:13:01.941204+00:00
572,Reports are running much slower,the issue is affecting reporting and analytics. This started after a recent configuration change.,Medium,Database,Data Services,Backup,Business,3.58,Jira,L3-Database,No,2026-09-15T12:14:55.339301+00:00
573,User cannot access internal application,the account may have incorrect permissions. The problem is reproducible from the production environment.,Low,Access,Identity,IAM,Enterprise,33.98,Jira,Security,Yes,2026-09-12T17:12:39.913629+00:00
574,Docking station disconnects,the issue affects a single employee workstation. The problem is reproducible from the production environment.,Medium,Hardware,Workplace IT,Laptop,Business,36.0,Email,L1-Hardware,Yes,2026-08-24T08:59:15.665352+00:00
575,DNS resolution failing for internal service,requests time out from the office network. This started after a recent configuration change.,Medium,Network,Platform,Load Balancer,Standard,26.97,Jira,L2-Network,Yes,2026-09-10T00:49:56.889889+00:00
576,Backup job failed overnight,replica data is several minutes behind primary. The customer has already tried restarting the service.,Medium,Database,Data Services,Backup,Enterprise,5.41,Chat,L3-Database,Yes,2026-08-26T11:45:34.669804+00:00
577,Unexpected permission change detected,the authentication flow stops before completion. The problem is reproducible from the production environment.,Medium,Access,Identity,SSO,Business,19.57,Portal,L1-General,Yes,2026-09-13T07:59:21.365740+00:00
578,Docking station disconnects,the peripheral is intermittently unavailable. The support team has attached the latest logs.,High,Hardware,Workplace IT,Monitor,Standard,32.61,Email,L1-Hardware,Yes,2026-09-09T04:35:52.803312+00:00
579,Search results fail to load,customers are unable to complete the workflow. The problem is reproducible from the production environment.,Medium,Application,Customer Portal,Search,Enterprise,7.16,Jira,L2-Application,No,2026-09-01T18:12:22.245827+00:00
580,Unexpected permission change detected,the account may have incorrect permissions. The customer has already tried restarting the service.,High,Access,Identity,Password Reset,Business,27.9,Chat,Security,Yes,2026-08-25T14:14:41.671249+00:00
581,Application page shows a blank screen,the application worked yesterday but now fails for multiple users. The problem is reproducible from the production environment.,Medium,Application,Customer Portal,Notifications,Business,34.62,Email,L2-Application,Yes,2026-08-24T20:57:33.931209+00:00
582,Firewall blocks application traffic,requests time out from the office network. The customer has already tried restarting the service.,Low,Network,Platform,Firewall,Standard,11.99,Jira,L2-Network,No,2026-09-15T10:39:00.298939+00:00
583,External monitor is not detected,the device worked earlier in the day. The issue is currently affecting several users.,Medium,Hardware,Workplace IT,Printer,Business,14.98,Jira,L1-Hardware,Yes,2026-08-26T02:52:32.232943+00:00
584,API requests return HTTP 500,customers are unable to complete the workflow. The customer has already tried restarting the service.,High,Application,Customer Portal,Search,Standard,29.78,Portal,L1-General,Yes,2026-09-19T22:21:13.955235+00:00
585,Reports are running much slower,transactions are waiting longer than expected. The customer has already tried restarting the service.,Low,Database,Data Services,Query Engine,Standard,15.86,Jira,L3-Database,Yes,2026-08-24T23:28:49.537353+00:00
586,Keyboard stops responding,the issue affects a single employee workstation. The issue is currently affecting several users.,Medium,Hardware,Workplace IT,Laptop,Enterprise,7.87,Chat,L1-Hardware,No,2026-08-30T20:31:58.482042+00:00
587,Docking station disconnects,the device worked earlier in the day. This started after a recent configuration change.,Medium,Hardware,Workplace IT,Printer,Business,7.94,Email,L2-Network,No,2026-09-16T22:41:07.549287+00:00
588,Notification jobs are delayed,the application worked yesterday but now fails for multiple users. The problem is reproducible from the production environment.,High,Application,Customer Portal,Checkout,Business,31.83,Jira,L2-Application,Yes,2026-08-30T08:33:59.382423+00:00
589,SSO login returns access denied,the account may have incorrect permissions. This started after a recent configuration change.,Low,Access,Identity,Password Reset,Enterprise,14.74,Portal,Security,No,2026-09-18T10:51:23.199611+00:00
590,Intermittent network connectivity,requests time out from the office network. The problem is reproducible from the production environment.,Low,Network,Platform,WiFi,Business,2.72,Email,L2-Network,No,2026-08-30T19:33:43.243621+00:00
591,Intermittent network connectivity,users cannot stay connected to the corporate network. The support team has attached the latest logs.,Medium,Network,Platform,DNS,Standard,34.21,Jira,L2-Application,Yes,2026-08-24T15:31:01.221863+00:00
592,Search results fail to load,the application worked yesterday but now fails for multiple users. The support team has attached the latest logs.,Low,Application,Customer Portal,Search,Standard,14.35,Jira,L2-Application,No,2026-09-15T22:09:32.719244+00:00
593,Intermittent network connectivity,packets appear to be dropped intermittently. The issue is currently affecting several users.,High,Network,Platform,Firewall,Enterprise,13.99,Jira,L2-Network,Yes,2026-08-29T16:44:58.680578+00:00
594,Database queries are timing out,transactions are waiting longer than expected. The problem is reproducible from the production environment.,Medium,Database,Data Services,MySQL,Enterprise,24.68,Email,L3-Database,Yes,2026-08-26T17:45:31.074338+00:00
595,Checkout returns an error,the application worked yesterday but now fails for multiple users. The problem is reproducible from the production environment.,Medium,Application,Customer Portal,Search,Enterprise,9.93,Portal,L2-Application,Yes,2026-09-04T19:21:59.979996+00:00
596,SSO login returns access denied,the event should be reviewed for security impact. This started after a recent configuration change.,Medium,Access,Identity,MFA,Business,17.75,Jira,Security,Yes,2026-09-03T02:25:54.973418+00:00
597,Unexpected permission change detected,the user receives an access denied response. The problem is reproducible from the production environment.,Medium,Access,Identity,SSO,Business,12.07,Portal,Security,Yes,2026-09-15T12:57:15.200025+00:00
598,User cannot access internal application,login works for other accounts but not this user. This started after a recent configuration change.,Low,Access,Identity,Permissions,Business,34.31,Email,L1-General,Yes,2026-09-01T05:26:15.070389+00:00
599,Database queries are timing out,the issue is affecting reporting and analytics. The issue is currently affecting several users.,Low,Database,Data Services,PostgreSQL,Business,6.37,Email,L3-Database,No,2026-08-29T07:29:09.553451+00:00
600,Keyboard stops responding,the peripheral is intermittently unavailable. This started after a recent configuration change.,Low,Hardware,Workplace IT,Printer,Standard,19.28,Email,L1-Hardware,No,2026-09-02T18:57:03.873688+00:00
601,External monitor is not detected,restarting the device did not resolve the problem. The support team has attached the latest logs.,Medium,Hardware,Workplace IT,Dock,Enterprise,30.39,Jira,L1-Hardware,Yes,2026-09-19T14:17:36.341785+00:00
602,Reports are running much slower,the scheduled backup did not complete successfully. The issue is currently affecting several users.,Low,Database,Data Services,Backup,Business,10.43,Email,L3-Database,No,2026-08-30T23:06:59.103253+00:00
603,SSO login returns access denied,the account may have incorrect permissions. The customer has already tried restarting the service.,Medium,Access,Identity,IAM,Standard,5.53,Jira,Security,No,2026-09-18T11:28:13.430588+00:00
604,Printer is unavailable,the issue affects a single employee workstation. The issue is currently affecting several users.,High,Hardware,Workplace IT,Keyboard,Standard,29.98,Portal,L1-Hardware,Yes,2026-09-04T05:08:51.596927+00:00
605,Search results fail to load,customers are unable to complete the workflow. The issue is currently affecting several users.,High,Application,Customer Portal,API,Business,19.82,Portal,L2-Application,Yes,2026-09-03T00:50:09.967213+00:00
606,Database queries are timing out,the scheduled backup did not complete successfully. This started after a recent configuration change.,Medium,Database,Data Services,PostgreSQL,Enterprise,25.9,Chat,L1-General,Yes,2026-09-19T18:20:42.701062+00:00
607,Load balancer health checks failing,the service becomes unreachable every few minutes. The customer has already tried restarting the service.,Medium,Network,Platform,Firewall,Standard,24.45,Portal,L2-Network,Yes,2026-09-15T09:21:04.520605+00:00
608,DNS resolution failing for internal service,connections fail after authentication. The support team has attached the latest logs.,Medium,Network,Platform,VPN,Enterprise,29.37,Chat,L2-Network,Yes,2026-09-20T07:31:34.203357+00:00
609,Backup job failed overnight,the scheduled backup did not complete successfully. The customer has already tried restarting the service.,Low,Database,Data Services,Backup,Business,24.33,Chat,L3-Database,Yes,2026-09-12T20:56:39.934924+00:00
610,MFA challenge is failing,the authentication flow stops before completion. The support team has attached the latest logs.,Medium,Access,Identity,IAM,Standard,28.85,Email,Security,Yes,2026-09-02T18:45:36.678984+00:00
611,Unexpected permission change detected,the user receives an access denied response. This started after a recent configuration change.,Medium,Access,Identity,IAM,Enterprise,1.19,Email,Security,No,2026-08-29T01:55:12.513104+00:00
612,Laptop will not power on,the peripheral is intermittently unavailable. The customer has already tried restarting the service.,Medium,Hardware,Workplace IT,Monitor,Standard,29.56,Chat,L1-Hardware,Yes,2026-09-13T17:23:24.508751+00:00
613,Database queries are timing out,the issue is affecting reporting and analytics. This started after a recent configuration change.,Medium,Database,Data Services,MySQL,Business,20.79,Portal,L1-General,Yes,2026-08-30T06:25:56.419801+00:00
614,DNS resolution failing for internal service,users cannot stay connected to the corporate network. The support team has attached the latest logs.,High,Network,Platform,VPN,Business,30.22,Email,L1-Hardware,Yes,2026-09-08T18:44:12.738718+00:00
615,Load balancer health checks failing,connections fail after authentication. The problem is reproducible from the production environment.,High,Network,Platform,DNS,Standard,8.29,Email,L2-Network,Yes,2026-09-09T06:16:40.548053+00:00
616,SSO login returns access denied,the authentication flow stops before completion. The support team has attached the latest logs.,High,Access,Identity,SSO,Business,9.4,Portal,Security,Yes,2026-08-22T03:46:04.506764+00:00
617,DNS resolution failing for internal service,users cannot stay connected to the corporate network. The support team has attached the latest logs.,Low,Network,Platform,Firewall,Business,6.38,Email,L1-Hardware,No,2026-08-24T11:36:32.960145+00:00
618,Intermittent network connectivity,packets appear to be dropped intermittently. The issue is currently affecting several users.,Medium,Network,Platform,VPN,Enterprise,15.88,Portal,L2-Network,Yes,2026-09-05T09:23:12.258994+00:00
619,Printer is unavailable,the issue affects a single employee workstation. This started after a recent configuration change.,Medium,Hardware,Workplace IT,Laptop,Standard,29.96,Email,L1-Hardware,Yes,2026-09-06T14:15:44.098352+00:00
620,Database connection pool is exhausted,transactions are waiting longer than expected. The issue is currently affecting several users.,Medium,Database,Data Services,PostgreSQL,Business,5.15,Portal,L3-Database,Yes,2026-09-08T17:40:51.727164+00:00
621,Replication is lagging,the scheduled backup did not complete successfully. This started after a recent configuration change.,High,Database,Data Services,Query Engine,Standard,8.22,Email,L3-Database,Yes,2026-09-13T02:26:47.171660+00:00
622,Keyboard stops responding,the issue affects a single employee workstation. The issue is currently affecting several users.,High,Hardware,Workplace IT,Keyboard,Standard,10.75,Email,L1-Hardware,Yes,2026-09-04T11:10:45.934747+00:00
623,MFA challenge is failing,the user receives an access denied response. The customer has already tried restarting the service.,Medium,Access,Identity,Password Reset,Business,5.56,Jira,Security,Yes,2026-08-27T11:16:25.451541+00:00
624,Password reset link is invalid,the event should be reviewed for security impact. The problem is reproducible from the production environment.,Medium,Access,Identity,Permissions,Standard,30.81,Jira,Security,Yes,2026-08-23T23:43:40.630010+00:00
625,Unexpected permission change detected,the authentication flow stops before completion. The problem is reproducible from the production environment.,High,Access,Identity,IAM,Business,24.75,Jira,Security,Yes,2026-08-22T03:21:07.691401+00:00
626,Password reset link is invalid,the account may have incorrect permissions. This started after a recent configuration change.,Medium,Access,Identity,SSO,Business,22.9,Chat,Security,Yes,2026-09-18T05:24:08.212723+00:00
627,DNS resolution failing for internal service,requests time out from the office network. The support team has attached the latest logs.,Low,Network,Platform,DNS,Enterprise,22.33,Portal,L1-Hardware,Yes,2026-08-31T17:29:27.587130+00:00
628,SSO login returns access denied,the user receives an access denied response. The customer has already tried restarting the service.,High,Access,Identity,IAM,Business,3.58,Email,Security,Yes,2026-09-01T20:15:29.990602+00:00
629,Keyboard stops responding,a replacement may be required if troubleshooting fails. This started after a recent configuration change.,Medium,Hardware,Workplace IT,Printer,Enterprise,1.56,Jira,L2-Network,No,2026-09-12T17:18:07.678167+00:00
630,External monitor is not detected,the device worked earlier in the day. The problem is reproducible from the production environment.,High,Hardware,Workplace IT,Dock,Standard,18.67,Chat,L1-Hardware,Yes,2026-09-10T04:24:11.738354+00:00
631,Notification jobs are delayed,logs contain repeated server errors. The customer has already tried restarting the service.,Medium,Application,Customer Portal,Notifications,Standard,27.58,Email,L2-Application,Yes,2026-09-02T13:53:03.647875+00:00
632,Backup job failed overnight,replica data is several minutes behind primary. This started after a recent configuration change.,Low,Database,Data Services,MySQL,Standard,29.21,Portal,L3-Database,Yes,2026-09-16T01:12:58.197867+00:00
633,Password reset link is invalid,the user receives an access denied response. This started after a recent configuration change.,Medium,Access,Identity,MFA,Standard,3.91,Portal,Security,No,2026-09-05T01:17:48.614043+00:00
634,Database queries are timing out,connections remain open after requests finish. The customer has already tried restarting the service.,Low,Database,Data Services,Backup,Standard,32.46,Portal,L3-Database,Yes,2026-09-11T09:48:45.816665+00:00
635,API requests return HTTP 500,the application worked yesterday but now fails for multiple users. This started after a recent configuration change.,Medium,Application,Customer Portal,Notifications,Enterprise,26.68,Portal,L2-Application,Yes,2026-08-27T01:49:38.440630+00:00
636,Keyboard stops responding,the issue affects a single employee workstation. This started after a recent configuration change.,Medium,Hardware,Workplace IT,Laptop,Enterprise,8.18,Email,L1-Hardware,Yes,2026-08-27T12:01:13.154749+00:00
637,Printer is unavailable,a replacement may be required if troubleshooting fails. The support team has attached the latest logs.,High,Hardware,Workplace IT,Dock,Business,34.82,Chat,L1-Hardware,Yes,2026-09-16T13:18:49.633192+00:00
638,Unexpected permission change detected,the account may have incorrect permissions. This started after a recent configuration change.,Medium,Access,Identity,IAM,Enterprise,3.86,Chat,Security,No,2026-08-29T01:25:34.523673+00:00
639,Database connection pool is exhausted,transactions are waiting longer than expected. The support team has attached the latest logs.,Low,Database,Data Services,PostgreSQL,Standard,35.11,Chat,L3-Database,Yes,2026-09-16T13:13:18.509730+00:00
640,Password reset link is invalid,the account may have incorrect permissions. This started after a recent configuration change.,Low,Access,Identity,IAM,Standard,4.28,Chat,Security,No,2026-09-15T21:52:52.180265+00:00
641,Docking station disconnects,the peripheral is intermittently unavailable. The problem is reproducible from the production environment.,Medium,Hardware,Workplace IT,Keyboard,Enterprise,25.15,Jira,L1-Hardware,Yes,2026-08-29T02:50:00.231678+00:00
642,Printer is unavailable,the issue affects a single employee workstation. The customer has already tried restarting the service.,Medium,Hardware,Workplace IT,Monitor,Standard,26.73,Chat,L1-Hardware,Yes,2026-08-30T12:53:06.625164+00:00
643,Printer is unavailable,the device worked earlier in the day. The support team has attached the latest logs.,High,Hardware,Workplace IT,Dock,Business,4.52,Jira,L1-Hardware,No,2026-09-08T05:37:36.569617+00:00
644,Database queries are timing out,replica data is several minutes behind primary. The support team has attached the latest logs.,Medium,Database,Data Services,Query Engine,Standard,20.57,Chat,L3-Database,Yes,2026-09-04T02:08:05.824856+00:00
645,Unexpected permission change detected,the user receives an access denied response. This started after a recent configuration change.,Low,Access,Identity,MFA,Enterprise,17.79,Portal,Security,Yes,2026-08-23T13:31:50.993077+00:00
646,Reports are running much slower,replica data is several minutes behind primary. The support team has attached the latest logs.,Medium,Database,Data Services,PostgreSQL,Enterprise,31.09,Portal,L3-Database,Yes,2026-08-28T10:27:25.115026+00:00
647,Backup job failed overnight,transactions are waiting longer than expected. This started after a recent configuration change.,Low,Database,Data Services,Backup,Business,21.76,Chat,L3-Database,Yes,2026-09-16T01:28:34.197516+00:00
648,SSO login returns access denied,the user receives an access denied response. The support team has attached the latest logs.,Medium,Access,Identity,Permissions,Business,31.82,Jira,Security,Yes,2026-08-26T01:00:22.660503+00:00
649,Load balancer health checks failing,connections fail after authentication. The support team has attached the latest logs.,High,Network,Platform,WiFi,Standard,26.03,Jira,L2-Network,Yes,2026-09-09T13:11:29.959189+00:00
650,Unexpected permission change detected,login works for other accounts but not this user. The problem is reproducible from the production environment.,Medium,Access,Identity,MFA,Business,9.34,Jira,Security,Yes,2026-09-08T03:52:06.692310+00:00
651,Application page shows a blank screen,the application worked yesterday but now fails for multiple users. The problem is reproducible from the production environment.,High,Application,Customer Portal,Authentication,Standard,3.11,Portal,L2-Application,Yes,2026-09-15T10:15:05.660716+00:00
652,Reports are running much slower,the issue is affecting reporting and analytics. The problem is reproducible from the production environment.,High,Database,Data Services,PostgreSQL,Standard,4.62,Portal,L3-Database,Yes,2026-08-22T18:54:38.343052+00:00
653,Firewall blocks application traffic,connections fail after authentication. The problem is reproducible from the production environment.,Low,Network,Platform,DNS,Standard,30.54,Email,L2-Network,Yes,2026-09-08T14:43:00.719270+00:00
654,Checkout returns an error,the same request succeeds after a retry. The customer has already tried restarting the service.,Low,Application,Customer Portal,Notifications,Business,26.84,Jira,L2-Application,Yes,2026-09-14T00:28:02.822798+00:00
655,Password reset link is invalid,the user receives an access denied response. The customer has already tried restarting the service.,High,Access,Identity,MFA,Enterprise,15.48,Portal,Security,Yes,2026-09-08T18:57:54.012121+00:00
656,Application page shows a blank screen,customers are unable to complete the workflow. The problem is reproducible from the production environment.,Low,Application,Customer Portal,Authentication,Standard,32.85,Email,L2-Application,Yes,2026-08-27T01:41:42.818611+00:00
657,External monitor is not detected,a replacement may be required if troubleshooting fails. This started after a recent configuration change.,Medium,Hardware,Workplace IT,Laptop,Enterprise,15.81,Email,L1-Hardware,Yes,2026-08-26T13:57:48.775719+00:00
658,Checkout returns an error,the UI shows an unexpected error message. The problem is reproducible from the production environment.,Low,Application,Customer Portal,Authentication,Business,22.11,Jira,L2-Application,No,2026-09-08T12:36:25.228580+00:00
659,Search results fail to load,the same request succeeds after a retry. The problem is reproducible from the production environment.,High,Application,Customer Portal,Authentication,Standard,7.24,Jira,L2-Application,Yes,2026-09-01T13:40:28.884387+00:00
660,MFA challenge is failing,login works for other accounts but not this user. The issue is currently affecting several users.,Low,Access,Identity,Permissions,Business,19.5,Jira,Security,Yes,2026-09-12T02:21:52.712708+00:00
661,Password reset link is invalid,login works for other accounts but not this user. The problem is reproducible from the production environment.,High,Access,Identity,MFA,Business,8.64,Portal,Security,Yes,2026-09-12T03:33:29.243186+00:00
662,Notification jobs are delayed,logs contain repeated server errors. The customer has already tried restarting the service.,Medium,Application,Customer Portal,Notifications,Standard,26.18,Jira,L2-Application,Yes,2026-09-05T21:57:32.782411+00:00
663,API requests return HTTP 500,the application worked yesterday but now fails for multiple users. The issue is currently affecting several users.,Low,Application,Customer Portal,Checkout,Business,16.11,Jira,L2-Application,Yes,2026-09-10T06:11:15.396215+00:00
664,Application page shows a blank screen,the application worked yesterday but now fails for multiple users. The support team has attached the latest logs.,High,Application,Customer Portal,Checkout,Enterprise,10.11,Jira,L2-Application,Yes,2026-09-18T22:43:20.863980+00:00
665,Notification jobs are delayed,the same request succeeds after a retry. The issue is currently affecting several users.,High,Application,Customer Portal,API,Enterprise,28.39,Jira,L2-Application,Yes,2026-09-13T22:57:11.528229+00:00
666,Replication is lagging,the scheduled backup did not complete successfully. The customer has already tried restarting the service.,High,Database,Data Services,Backup,Enterprise,10.81,Jira,L3-Database,Yes,2026-08-31T05:01:15.972748+00:00
667,SSO login returns access denied,the user receives an access denied response. The support team has attached the latest logs.,Low,Access,Identity,SSO,Enterprise,5.29,Chat,Security,No,2026-08-30T01:24:01.117977+00:00
668,Notification jobs are delayed,customers are unable to complete the workflow. This started after a recent configuration change.,Medium,Application,Customer Portal,API,Standard,7.66,Email,L2-Application,Yes,2026-08-25T11:05:31.309463+00:00
669,Database connection pool is exhausted,connections remain open after requests finish. The customer has already tried restarting the service.,Low,Database,Data Services,Backup,Standard,12.37,Email,L3-Database,No,2026-08-26T08:23:21.452750+00:00
670,MFA challenge is failing,the event should be reviewed for security impact. The issue is currently affecting several users.,Low,Access,Identity,MFA,Business,26.71,Email,Security,Yes,2026-08-26T12:50:08.649207+00:00
671,Intermittent network connectivity,users cannot stay connected to the corporate network. This started after a recent configuration change.,Medium,Network,Platform,VPN,Enterprise,9.74,Email,L2-Network,No,2026-08-26T07:12:45.700683+00:00
672,Load balancer health checks failing,requests time out from the office network. The support team has attached the latest logs.,Medium,Network,Platform,Load Balancer,Business,27.02,Email,L2-Network,Yes,2026-09-11T20:38:08.674359+00:00
673,Reports are running much slower,connections remain open after requests finish. The problem is reproducible from the production environment.,Medium,Database,Data Services,Backup,Business,16.03,Email,L3-Database,Yes,2026-08-27T08:52:27.656736+00:00
674,SSO login returns access denied,the user receives an access denied response. The issue is currently affecting several users.,Medium,Access,Identity,SSO,Enterprise,1.18,Email,Security,No,2026-09-01T16:48:52.396667+00:00
675,Search results fail to load,logs contain repeated server errors. The customer has already tried restarting the service.,Low,Application,Customer Portal,Notifications,Business,19.74,Portal,L2-Application,No,2026-09-01T16:44:05.174362+00:00
676,Load balancer health checks failing,requests time out from the office network. The customer has already tried restarting the service.,Medium,Network,Platform,VPN,Enterprise,20.44,Jira,L2-Application,Yes,2026-09-18T16:43:26.142083+00:00
677,API requests return HTTP 500,the application worked yesterday but now fails for multiple users. This started after a recent configuration change.,High,Application,Customer Portal,Notifications,Enterprise,28.14,Portal,L2-Application,Yes,2026-08-27T08:10:27.500977+00:00
678,Replication is lagging,replica data is several minutes behind primary. The support team has attached the latest logs.,Medium,Database,Data Services,MySQL,Business,2.25,Chat,L3-Database,Yes,2026-09-09T02:58:43.679707+00:00
679,Backup job failed overnight,the scheduled backup did not complete successfully. This started after a recent configuration change.,High,Database,Data Services,Query Engine,Standard,7.69,Jira,L3-Database,Yes,2026-08-31T23:08:11.061632+00:00
680,User cannot access internal application,the account may have incorrect permissions. The customer has already tried restarting the service.,Medium,Access,Identity,IAM,Business,14.95,Jira,Security,Yes,2026-08-30T01:20:54.941739+00:00
681,Notification jobs are delayed,the same request succeeds after a retry. This started after a recent configuration change.,Low,Application,Customer Portal,API,Enterprise,16.66,Portal,L2-Application,Yes,2026-09-05T08:19:58.217271+00:00
682,Reports are running much slower,replica data is several minutes behind primary. The support team has attached the latest logs.,Low,Database,Data Services,Query Engine,Enterprise,2.53,Jira,L3-Database,No,2026-09-14T11:12:57.514073+00:00
683,Printer is unavailable,the issue affects a single employee workstation. This started after a recent configuration change.,Low,Hardware,Workplace IT,Printer,Enterprise,23.03,Jira,L1-Hardware,Yes,2026-08-22T00:53:45.663669+00:00
684,Search results fail to load,logs contain repeated server errors. The support team has attached the latest logs.,High,Application,Customer Portal,Notifications,Business,28.64,Jira,L2-Application,Yes,2026-09-14T21:14:55.731516+00:00
685,Backup job failed overnight,the issue is affecting reporting and analytics. The problem is reproducible from the production environment.,Low,Database,Data Services,Query Engine,Business,10.81,Chat,L3-Database,No,2026-09-07T01:02:21.689122+00:00
686,Keyboard stops responding,the device worked earlier in the day. The problem is reproducible from the production environment.,Low,Hardware,Workplace IT,Laptop,Standard,22.9,Chat,L1-Hardware,No,2026-08-23T06:32:43.542827+00:00
687,Password reset link is invalid,the account may have incorrect permissions. The support team has attached the latest logs.,Medium,Access,Identity,MFA,Enterprise,5.93,Chat,Security,No,2026-09-18T09:31:35.389391+00:00
688,Keyboard stops responding,a replacement may be required if troubleshooting fails. This started after a recent configuration change.,Low,Hardware,Workplace IT,Printer,Enterprise,29.3,Chat,L1-Hardware,Yes,2026-08-30T16:04:20.699324+00:00
689,Printer is unavailable,restarting the device did not resolve the problem. The support team has attached the latest logs.,Low,Hardware,Workplace IT,Monitor,Business,6.26,Chat,L2-Network,No,2026-09-02T00:03:40.174927+00:00
690,API requests return HTTP 500,the application worked yesterday but now fails for multiple users. The problem is reproducible from the production environment.,Medium,Application,Customer Portal,API,Enterprise,10.76,Jira,L2-Application,Yes,2026-08-26T12:51:50.271683+00:00
691,Database queries are timing out,connections remain open after requests finish. The issue is currently affecting several users.,Medium,Database,Data Services,Replication,Business,31.98,Jira,L3-Database,Yes,2026-09-06T10:31:28.046649+00:00
692,Replication is lagging,replica data is several minutes behind primary. The issue is currently affecting several users.,Low,Database,Data Services,Replication,Business,27.52,Jira,L3-Database,Yes,2026-08-25T17:13:43.723279+00:00
693,VPN connection drops repeatedly,users cannot stay connected to the corporate network. The issue is currently affecting several users.,Low,Network,Platform,VPN,Standard,35.62,Email,L2-Network,Yes,2026-09-01T20:36:06.652734+00:00
694,Laptop will not power on,a replacement may be required if troubleshooting fails. The problem is reproducible from the production environment.,Medium,Hardware,Workplace IT,Laptop,Business,16.17,Jira,L1-Hardware,No,2026-09-02T07:19:16.276932+00:00
695,Intermittent network connectivity,the service becomes unreachable every few minutes. The support team has attached the latest logs.,High,Network,Platform,DNS,Business,8.06,Email,L1-Hardware,Yes,2026-09-19T08:50:32.550898+00:00
696,SSO login returns access denied,login works for other accounts but not this user. The support team has attached the latest logs.,Medium,Access,Identity,MFA,Enterprise,20.2,Jira,Security,Yes,2026-09-17T04:55:56.656627+00:00
697,Unexpected permission change detected,the account may have incorrect permissions. The problem is reproducible from the production environment.,Medium,Access,Identity,IAM,Standard,2.0,Chat,Security,No,2026-08-24T21:25:25.465393+00:00
698,SSO login returns access denied,the event should be reviewed for security impact. The problem is reproducible from the production environment.,Low,Access,Identity,IAM,Enterprise,1.74,Email,Security,No,2026-09-16T00:57:35.400998+00:00
699,API requests return HTTP 500,the same request succeeds after a retry. The customer has already tried restarting the service.,Low,Application,Customer Portal,Notifications,Enterprise,34.4,Jira,L2-Application,Yes,2026-09-14T04:31:23.036862+00:00
700,Notification jobs are delayed,logs contain repeated server errors. The support team has attached the latest logs.,Low,Application,Customer Portal,Authentication,Enterprise,12.59,Jira,L1-General,No,2026-09-05T09:03:46.040813+00:00
701,VPN connection drops repeatedly,the service becomes unreachable every few minutes. The support team has attached the latest logs.,High,Network,Platform,DNS,Business,2.05,Chat,L2-Network,No,2026-09-05T18:51:36.910110+00:00
702,Keyboard stops responding,the peripheral is intermittently unavailable. The customer has already tried restarting the service.,Low,Hardware,Workplace IT,Printer,Standard,1.06,Portal,L1-Hardware,No,2026-08-22T17:31:13.200729+00:00
703,Keyboard stops responding,restarting the device did not resolve the problem. The problem is reproducible from the production environment.,Medium,Hardware,Workplace IT,Printer,Enterprise,11.5,Email,L1-Hardware,Yes,2026-08-29T12:57:23.647500+00:00
704,Printer is unavailable,the peripheral is intermittently unavailable. The problem is reproducible from the production environment.,High,Hardware,Workplace IT,Dock,Business,35.79,Jira,L1-Hardware,Yes,2026-08-26T10:53:08.916815+00:00
705,API requests return HTTP 500,the application worked yesterday but now fails for multiple users. The support team has attached the latest logs.,Medium,Application,Customer Portal,Search,Standard,2.37,Email,L2-Application,No,2026-08-31T01:17:31.068022+00:00
706,Printer is unavailable,the device worked earlier in the day. The issue is currently affecting several users.,Low,Hardware,Workplace IT,Laptop,Enterprise,8.25,Portal,L1-Hardware,No,2026-09-10T06:48:39.862712+00:00
707,Application page shows a blank screen,customers are unable to complete the workflow. The issue is currently affecting several users.,Medium,Application,Customer Portal,Notifications,Enterprise,33.83,Portal,L2-Application,Yes,2026-09-05T11:53:18.209552+00:00
708,Reports are running much slower,the scheduled backup did not complete successfully. This started after a recent configuration change.,Medium,Database,Data Services,MySQL,Enterprise,32.89,Jira,L3-Database,Yes,2026-08-30T05:44:50.195354+00:00
709,SSO login returns access denied,the account may have incorrect permissions. The support team has attached the latest logs.,Low,Access,Identity,Password Reset,Business,20.27,Chat,Security,No,2026-09-04T09:28:56.647412+00:00
710,Load balancer health checks failing,connections fail after authentication. The problem is reproducible from the production environment.,Low,Network,Platform,DNS,Standard,33.89,Jira,L2-Application,Yes,2026-08-27T18:30:07.770958+00:00
711,Backup job failed overnight,the scheduled backup did not complete successfully. The problem is reproducible from the production environment.,High,Database,Data Services,Replication,Enterprise,27.5,Portal,L3-Database,Yes,2026-08-31T23:57:42.171897+00:00
712,SSO login returns access denied,the user receives an access denied response. The problem is reproducible from the production environment.,Low,Access,Identity,Permissions,Enterprise,27.97,Portal,Security,Yes,2026-09-14T08:31:10.911333+00:00
713,Intermittent network connectivity,users cannot stay connected to the corporate network. The problem is reproducible from the production environment.,High,Network,Platform,Firewall,Enterprise,27.68,Email,L2-Network,Yes,2026-09-19T11:18:20.105016+00:00
714,Printer is unavailable,restarting the device did not resolve the problem. The support team has attached the latest logs.,Medium,Hardware,Workplace IT,Laptop,Business,9.62,Jira,L1-Hardware,No,2026-08-24T12:57:19.531856+00:00
715,Docking station disconnects,the peripheral is intermittently unavailable. This started after a recent configuration change.,Low,Hardware,Workplace IT,Laptop,Standard,6.62,Chat,L1-Hardware,No,2026-09-16T12:55:39.256474+00:00
716,Reports are running much slower,replica data is several minutes behind primary. The customer has already tried restarting the service.,Medium,Database,Data Services,PostgreSQL,Business,1.24,Portal,L1-General,No,2026-09-06T10:46:04.349793+00:00
717,Docking station disconnects,a replacement may be required if troubleshooting fails. The customer has already tried restarting the service.,Low,Hardware,Workplace IT,Dock,Standard,0.81,Email,L1-Hardware,No,2026-08-28T02:41:48.362448+00:00
718,Search results fail to load,the same request succeeds after a retry. The problem is reproducible from the production environment.,Low,Application,Customer Portal,Notifications,Business,19.03,Portal,L2-Application,No,2026-09-18T10:57:50.834831+00:00
719,Printer is unavailable,restarting the device did not resolve the problem. This started after a recent configuration change.,Low,Hardware,Workplace IT,Laptop,Standard,19.25,Email,L2-Network,No,2026-09-17T12:42:13.368429+00:00
720,Firewall blocks application traffic,requests time out from the office network. The problem is reproducible from the production environment.,Low,Network,Platform,VPN,Enterprise,35.89,Jira,L2-Network,Yes,2026-08-22T10:59:47.146686+00:00
721,Firewall blocks application traffic,connections fail after authentication. The issue is currently affecting several users.,Low,Network,Platform,DNS,Enterprise,13.67,Portal,L2-Network,No,2026-09-03T00:58:28.194105+00:00
722,Application page shows a blank screen,logs contain repeated server errors. The support team has attached the latest logs.,High,Application,Customer Portal,Search,Standard,2.58,Jira,L2-Application,No,2026-09-14T03:36:03.548131+00:00
723,Laptop will not power on,the peripheral is intermittently unavailable. The support team has attached the latest logs.,Medium,Hardware,Workplace IT,Dock,Enterprise,6.99,Jira,L1-Hardware,No,2026-09-09T05:41:25.990155+00:00
724,API requests return HTTP 500,the same request succeeds after a retry. The customer has already tried restarting the service.,Low,Application,Customer Portal,Checkout,Business,15.54,Jira,L2-Application,No,2026-09-16T16:58:56.599027+00:00
725,Password reset link is invalid,the event should be reviewed for security impact. The issue is currently affecting several users.,High,Access,Identity,Password Reset,Enterprise,25.81,Portal,Security,Yes,2026-09-05T01:33:49.079235+00:00
726,Database queries are timing out,the issue is affecting reporting and analytics. The support team has attached the latest logs.,Medium,Database,Data Services,Replication,Standard,10.9,Portal,L3-Database,Yes,2026-08-31T17:04:23.801009+00:00
727,Keyboard stops responding,the device worked earlier in the day. The issue is currently affecting several users.,High,Hardware,Workplace IT,Printer,Business,9.23,Email,L1-Hardware,Yes,2026-08-25T08:37:46.036778+00:00
728,API requests return HTTP 500,the same request succeeds after a retry. This started after a recent configuration change.,High,Application,Customer Portal,Search,Standard,3.3,Portal,L2-Application,Yes,2026-09-18T13:32:39.631377+00:00
729,SSO login returns access denied,the event should be reviewed for security impact. The issue is currently affecting several users.,Medium,Access,Identity,IAM,Business,2.15,Portal,Security,No,2026-08-21T14:00:20.437558+00:00
730,Search results fail to load,the application worked yesterday but now fails for multiple users. The support team has attached the latest logs.,Medium,Application,Customer Portal,Authentication,Business,25.31,Email,L2-Application,Yes,2026-09-05T23:38:56.505614+00:00
731,Intermittent network connectivity,the service becomes unreachable every few minutes. The problem is reproducible from the production environment.,Medium,Network,Platform,Firewall,Standard,33.18,Email,L2-Network,Yes,2026-09-04T07:43:12.515845+00:00
732,Docking station disconnects,the issue affects a single employee workstation. The support team has attached the latest logs.,High,Hardware,Workplace IT,Keyboard,Standard,21.26,Email,L1-Hardware,Yes,2026-09-05T09:10:47.273383+00:00
733,SSO login returns access denied,the user receives an access denied response. The issue is currently affecting several users.,Medium,Access,Identity,IAM,Standard,10.55,Jira,Security,No,2026-08-28T15:35:05.395540+00:00
734,Backup job failed overnight,replica data is several minutes behind primary. The issue is currently affecting several users.,Low,Database,Data Services,PostgreSQL,Enterprise,21.09,Email,L3-Database,Yes,2026-09-08T01:31:14.836767+00:00
735,Checkout returns an error,the application worked yesterday but now fails for multiple users. The support team has attached the latest logs.,Medium,Application,Customer Portal,API,Business,5.5,Jira,L2-Application,No,2026-08-23T22:24:11.267242+00:00
736,Search results fail to load,customers are unable to complete the workflow. The problem is reproducible from the production environment.,High,Application,Customer Portal,Search,Standard,26.17,Portal,L2-Application,Yes,2026-09-12T18:34:19.348361+00:00
737,Keyboard stops responding,the peripheral is intermittently unavailable. The problem is reproducible from the production environment.,High,Hardware,Workplace IT,Monitor,Business,1.78,Email,L1-Hardware,No,2026-09-08T08:31:21.223924+00:00
738,MFA challenge is failing,the authentication flow stops before completion. The issue is currently affecting several users.,Low,Access,Identity,Permissions,Business,29.3,Jira,Security,Yes,2026-09-13T09:45:56.113659+00:00
739,Reports are running much slower,connections remain open after requests finish. The issue is currently affecting several users.,Low,Database,Data Services,Backup,Standard,34.99,Email,L3-Database,Yes,2026-09-06T06:57:13.154885+00:00
740,Backup job failed overnight,replica data is several minutes behind primary. This started after a recent configuration change.,Medium,Database,Data Services,PostgreSQL,Enterprise,11.6,Jira,L3-Database,Yes,2026-09-18T04:12:46.003929+00:00
741,Database queries are timing out,replica data is several minutes behind primary. The customer has already tried restarting the service.,Medium,Database,Data Services,Replication,Enterprise,3.12,Email,L3-Database,No,2026-09-04T21:53:25.388877+00:00
742,Replication is lagging,connections remain open after requests finish. The issue is currently affecting several users.,High,Database,Data Services,Query Engine,Enterprise,25.71,Portal,L3-Database,Yes,2026-08-22T21:14:34.321385+00:00
743,Checkout returns an error,the application worked yesterday but now fails for multiple users. The problem is reproducible from the production environment.,Low,Application,Customer Portal,Search,Standard,34.71,Portal,L2-Application,Yes,2026-09-03T14:47:12.431917+00:00
744,Replication is lagging,replica data is several minutes behind primary. The problem is reproducible from the production environment.,Medium,Database,Data Services,Backup,Business,22.97,Portal,L3-Database,Yes,2026-09-14T19:50:40.401282+00:00
745,Search results fail to load,customers are unable to complete the workflow. The customer has already tried restarting the service.,Medium,Application,Customer Portal,Authentication,Business,29.03,Jira,L2-Application,Yes,2026-08-31T04:44:46.146804+00:00
746,Firewall blocks application traffic,users cannot stay connected to the corporate network. The support team has attached the latest logs.,Low,Network,Platform,DNS,Standard,14.73,Jira,L1-Hardware,No,2026-09-15T02:03:50.995749+00:00
747,User cannot access internal application,the event should be reviewed for security impact. The problem is reproducible from the production environment.,Low,Access,Identity,Permissions,Standard,35.62,Chat,Security,Yes,2026-09-18T22:40:07.776134+00:00
748,External monitor is not detected,the peripheral is intermittently unavailable. The customer has already tried restarting the service.,Medium,Hardware,Workplace IT,Dock,Business,21.31,Jira,L1-Hardware,Yes,2026-08-21T13:56:02.524891+00:00
749,Unexpected permission change detected,the account may have incorrect permissions. The issue is currently affecting several users.,Medium,Access,Identity,IAM,Enterprise,16.0,Email,Security,Yes,2026-08-26T14:01:56.501040+00:00
750,Load balancer health checks failing,the service becomes unreachable every few minutes. The problem is reproducible from the production environment.,Low,Network,Platform,WiFi,Business,27.44,Email,L2-Network,Yes,2026-09-10T06:51:16.239508+00:00
751,Database queries are timing out,connections remain open after requests finish. This started after a recent configuration change.,Medium,Database,Data Services,MySQL,Business,0.69,Email,L3-Database,Yes,2026-08-23T16:21:34.271920+00:00
752,VPN connection drops repeatedly,connections fail after authentication. The support team has attached the latest logs.,Low,Network,Platform,DNS,Enterprise,3.25,Chat,L1-Hardware,No,2026-08-21T16:28:39.207012+00:00
753,Keyboard stops responding,the peripheral is intermittently unavailable. This started after a recent configuration change.,Medium,Hardware,Workplace IT,Laptop,Standard,2.12,Jira,L1-Hardware,No,2026-08-30T16:10:00.603842+00:00
754,Intermittent network connectivity,users cannot stay connected to the corporate network. The issue is currently affecting several users.,Medium,Network,Platform,Firewall,Standard,32.06,Email,L2-Network,Yes,2026-09-06T00:10:54.031697+00:00
755,Laptop will not power on,the peripheral is intermittently unavailable. The problem is reproducible from the production environment.,High,Hardware,Workplace IT,Dock,Enterprise,28.99,Jira,L1-Hardware,Yes,2026-09-09T10:42:34.240065+00:00
756,Database queries are timing out,transactions are waiting longer than expected. The customer has already tried restarting the service.,High,Database,Data Services,PostgreSQL,Standard,28.33,Chat,L3-Database,Yes,2026-08-21T16:08:22.427965+00:00
757,Database connection pool is exhausted,transactions are waiting longer than expected. This started after a recent configuration change.,Medium,Database,Data Services,MySQL,Business,1.81,Jira,L3-Database,No,2026-08-27T01:49:15.325759+00:00
758,Notification jobs are delayed,the same request succeeds after a retry. The customer has already tried restarting the service.,Medium,Application,Customer Portal,Search,Enterprise,23.41,Chat,L2-Application,Yes,2026-09-14T20:51:44.675343+00:00
759,Intermittent network connectivity,packets appear to be dropped intermittently. The support team has attached the latest logs.,Medium,Network,Platform,VPN,Standard,1.59,Portal,L2-Network,No,2026-09-18T12:14:34.635151+00:00
760,Notification jobs are delayed,the application worked yesterday but now fails for multiple users. This started after a recent configuration change.,Medium,Application,Customer Portal,Checkout,Enterprise,22.11,Jira,L2-Application,Yes,2026-08-29T11:58:33.584836+00:00
761,Search results fail to load,the application worked yesterday but now fails for multiple users. The issue is currently affecting several users.,Low,Application,Customer Portal,Checkout,Standard,15.34,Portal,L2-Application,No,2026-08-28T13:58:24.509069+00:00
762,Load balancer health checks failing,requests time out from the office network. The issue is currently affecting several users.,High,Network,Platform,VPN,Enterprise,23.15,Portal,L2-Network,Yes,2026-08-25T15:30:08.794064+00:00
763,Replication is lagging,replica data is several minutes behind primary. The support team has attached the latest logs.,High,Database,Data Services,Replication,Standard,32.75,Portal,L2-Application,Yes,2026-09-17T05:46:19.796460+00:00
764,Keyboard stops responding,restarting the device did not resolve the problem. The problem is reproducible from the production environment.,Medium,Hardware,Workplace IT,Dock,Standard,21.23,Email,L1-Hardware,No,2026-09-13T18:46:11.782695+00:00
765,API requests return HTTP 500,customers are unable to complete the workflow. The support team has attached the latest logs.,High,Application,Customer Portal,Notifications,Enterprise,33.59,Jira,L2-Application,Yes,2026-08-28T11:47:04.026921+00:00
766,SSO login returns access denied,the account may have incorrect permissions. This started after a recent configuration change.,Medium,Access,Identity,SSO,Enterprise,35.71,Chat,Security,Yes,2026-08-31T17:44:07.053731+00:00
767,Database connection pool is exhausted,the scheduled backup did not complete successfully. The customer has already tried restarting the service.,High,Database,Data Services,Backup,Standard,14.71,Chat,L3-Database,Yes,2026-09-19T01:30:21.528922+00:00
768,MFA challenge is failing,the authentication flow stops before completion. The customer has already tried restarting the service.,Medium,Access,Identity,IAM,Business,33.46,Email,Security,Yes,2026-08-24T15:53:14.891901+00:00
769,Checkout returns an error,the application worked yesterday but now fails for multiple users. The support team has attached the latest logs.,Medium,Application,Customer Portal,API,Standard,12.74,Chat,L2-Application,No,2026-09-13T07:03:42.249191+00:00
770,Replication is lagging,connections remain open after requests finish. This started after a recent configuration change.,Medium,Database,Data Services,MySQL,Business,25.35,Jira,L3-Database,Yes,2026-09-10T20:59:51.915076+00:00
771,Search results fail to load,the application worked yesterday but now fails for multiple users. The issue is currently affecting several users.,Medium,Application,Customer Portal,API,Standard,12.23,Chat,L2-Application,Yes,2026-09-15T02:44:49.715885+00:00
772,Notification jobs are delayed,the same request succeeds after a retry. The problem is reproducible from the production environment.,Low,Application,Customer Portal,Search,Standard,2.03,Portal,L2-Application,No,2026-09-17T12:54:48.933677+00:00
773,Intermittent network connectivity,packets appear to be dropped intermittently. The customer has already tried restarting the service.,High,Network,Platform,DNS,Standard,20.52,Email,L2-Network,Yes,2026-08-27T13:59:09.870899+00:00
774,Load balancer health checks failing,packets appear to be dropped intermittently. The support team has attached the latest logs.,Medium,Network,Platform,DNS,Standard,26.58,Chat,L2-Network,Yes,2026-09-15T00:12:36.564531+00:00
775,SSO login returns access denied,the event should be reviewed for security impact. The support team has attached the latest logs.,Low,Access,Identity,MFA,Enterprise,35.13,Portal,Security,Yes,2026-08-25T00:38:24.193604+00:00
776,Replication is lagging,connections remain open after requests finish. The customer has already tried restarting the service.,Medium,Database,Data Services,Backup,Business,4.77,Portal,L3-Database,No,2026-08-21T09:12:01.142113+00:00
777,Notification jobs are delayed,logs contain repeated server errors. The problem is reproducible from the production environment.,Low,Application,Customer Portal,Notifications,Business,19.61,Portal,L2-Application,Yes,2026-08-23T16:08:46.954217+00:00
778,Database connection pool is exhausted,the issue is affecting reporting and analytics. This started after a recent configuration change.,Low,Database,Data Services,MySQL,Standard,18.76,Chat,L3-Database,Yes,2026-09-06T19:57:51.564138+00:00
779,Backup job failed overnight,connections remain open after requests finish. The problem is reproducible from the production environment.,High,Database,Data Services,Backup,Business,13.8,Email,L3-Database,Yes,2026-09-17T19:36:07.238920+00:00
780,External monitor is not detected,the issue affects a single employee workstation. The issue is currently affecting several users.,High,Hardware,Workplace IT,Monitor,Enterprise,31.48,Jira,L1-Hardware,Yes,2026-09-08T12:16:35.769547+00:00
781,Docking station disconnects,the peripheral is intermittently unavailable. The customer has already tried restarting the service.,Medium,Hardware,Workplace IT,Laptop,Business,35.48,Jira,L1-Hardware,Yes,2026-08-25T04:25:33.480209+00:00
782,External monitor is not detected,a replacement may be required if troubleshooting fails. The customer has already tried restarting the service.,Medium,Hardware,Workplace IT,Printer,Business,6.67,Email,L1-Hardware,No,2026-09-13T21:59:28.942070+00:00
783,Reports are running much slower,transactions are waiting longer than expected. The issue is currently affecting several users.,Medium,Database,Data Services,Replication,Standard,0.46,Jira,L3-Database,No,2026-09-16T04:12:22.444913+00:00
784,Firewall blocks application traffic,connections fail after authentication. This started after a recent configuration change.,High,Network,Platform,Firewall,Standard,19.18,Jira,L2-Network,Yes,2026-09-09T18:24:49.148320+00:00
785,DNS resolution failing for internal service,packets appear to be dropped intermittently. The issue is currently affecting several users.,High,Network,Platform,WiFi,Enterprise,8.53,Jira,L1-Hardware,Yes,2026-08-29T00:56:28.615460+00:00
786,Firewall blocks application traffic,users cannot stay connected to the corporate network. The support team has attached the latest logs.,Medium,Network,Platform,VPN,Standard,16.37,Portal,L1-Hardware,No,2026-09-14T13:23:50.173989+00:00
787,Reports are running much slower,transactions are waiting longer than expected. The issue is currently affecting several users.,Low,Database,Data Services,Replication,Standard,4.24,Email,L3-Database,No,2026-08-27T03:22:21.401232+00:00
788,Intermittent network connectivity,packets appear to be dropped intermittently. The issue is currently affecting several users.,Medium,Network,Platform,DNS,Enterprise,22.21,Chat,L2-Network,Yes,2026-09-06T17:28:18.101138+00:00
789,Unexpected permission change detected,the event should be reviewed for security impact. The issue is currently affecting several users.,Medium,Access,Identity,Password Reset,Business,29.8,Email,Security,Yes,2026-08-26T07:18:08.446952+00:00
790,Laptop will not power on,a replacement may be required if troubleshooting fails. The issue is currently affecting several users.,Low,Hardware,Workplace IT,Printer,Business,9.23,Chat,L1-Hardware,No,2026-09-18T18:48:46.003274+00:00
791,Reports are running much slower,replica data is several minutes behind primary. This started after a recent configuration change.,Medium,Database,Data Services,Replication,Enterprise,32.34,Jira,L3-Database,Yes,2026-08-26T00:30:32.677687+00:00
792,Database queries are timing out,replica data is several minutes behind primary. The issue is currently affecting several users.,Medium,Database,Data Services,PostgreSQL,Business,9.31,Portal,L3-Database,Yes,2026-09-12T12:49:00.821737+00:00
793,Checkout returns an error,logs contain repeated server errors. The problem is reproducible from the production environment.,Medium,Application,Customer Portal,Search,Standard,11.05,Chat,L2-Application,Yes,2026-09-03T04:41:41.667772+00:00
794,Load balancer health checks failing,the service becomes unreachable every few minutes. The customer has already tried restarting the service.,High,Network,Platform,WiFi,Enterprise,13.19,Portal,L2-Network,Yes,2026-09-03T18:18:25.584365+00:00
795,Unexpected permission change detected,the account may have incorrect permissions. The issue is currently affecting several users.,Medium,Access,Identity,SSO,Business,30.49,Jira,Security,Yes,2026-09-12T01:21:18.486691+00:00
796,Replication is lagging,connections remain open after requests finish. The problem is reproducible from the production environment.,Medium,Database,Data Services,Backup,Enterprise,30.19,Email,L3-Database,Yes,2026-08-30T08:17:35.707784+00:00
797,Printer is unavailable,the device worked earlier in the day. The customer has already tried restarting the service.,Low,Hardware,Workplace IT,Laptop,Enterprise,22.45,Chat,L2-Network,Yes,2026-08-30T14:45:09.859464+00:00
798,Password reset link is invalid,login works for other accounts but not this user. This started after a recent configuration change.,Low,Access,Identity,Permissions,Standard,22.15,Portal,Security,Yes,2026-08-31T21:16:35.304282+00:00
799,Load balancer health checks failing,users cannot stay connected to the corporate network. The problem is reproducible from the production environment.,Medium,Network,Platform,Load Balancer,Standard,27.03,Jira,L2-Network,Yes,2026-09-06T04:38:32.223628+00:00
800,MFA challenge is failing,the user receives an access denied response. This started after a recent configuration change.,Low,Access,Identity,Password Reset,Standard,8.39,Email,Security,No,2026-09-01T00:38:19.172163+00:00
801,Intermittent network connectivity,users cannot stay connected to the corporate network. The support team has attached the latest logs.,Low,Network,Platform,DNS,Standard,28.92,Chat,L2-Network,Yes,2026-09-07T19:42:50.073575+00:00
802,Docking station disconnects,the peripheral is intermittently unavailable. The customer has already tried restarting the service.,Medium,Hardware,Workplace IT,Keyboard,Enterprise,33.93,Jira,L1-Hardware,Yes,2026-08-29T19:18:20.761646+00:00
803,Docking station disconnects,a replacement may be required if troubleshooting fails. The problem is reproducible from the production environment.,Low,Hardware,Workplace IT,Keyboard,Enterprise,25.69,Chat,L1-General,Yes,2026-09-08T23:58:55.966774+00:00
804,Laptop will not power on,restarting the device did not resolve the problem. The problem is reproducible from the production environment.,Low,Hardware,Workplace IT,Keyboard,Standard,14.17,Chat,L1-Hardware,No,2026-09-06T07:06:52.889951+00:00
805,Notification jobs are delayed,customers are unable to complete the workflow. The support team has attached the latest logs.,Medium,Application,Customer Portal,Search,Enterprise,19.23,Jira,L2-Application,Yes,2026-08-29T06:54:31.218778+00:00
806,Reports are running much slower,connections remain open after requests finish. The problem is reproducible from the production environment.,High,Database,Data Services,PostgreSQL,Standard,4.99,Email,L3-Database,Yes,2026-08-22T07:22:11.168680+00:00
807,Laptop will not power on,the peripheral is intermittently unavailable. This started after a recent configuration change.,Low,Hardware,Workplace IT,Keyboard,Standard,12.91,Chat,L1-Hardware,No,2026-09-09T05:36:23.893471+00:00
808,Backup job failed overnight,connections remain open after requests finish. The issue is currently affecting several users.,Medium,Database,Data Services,Backup,Standard,31.7,Email,L1-General,Yes,2026-09-16T04:10:26.936226+00:00
809,Replication is lagging,connections remain open after requests finish. The problem is reproducible from the production environment.,Medium,Database,Data Services,Replication,Business,23.44,Email,L3-Database,Yes,2026-08-22T19:24:45.624228+00:00
810,VPN connection drops repeatedly,the service becomes unreachable every few minutes. The support team has attached the latest logs.,Medium,Network,Platform,VPN,Business,8.62,Portal,L2-Network,Yes,2026-08-25T09:36:44.761594+00:00
811,Backup job failed overnight,transactions are waiting longer than expected. The customer has already tried restarting the service.,High,Database,Data Services,Query Engine,Enterprise,33.31,Email,L3-Database,Yes,2026-09-18T06:03:36.226279+00:00
812,Unexpected permission change detected,the event should be reviewed for security impact. The problem is reproducible from the production environment.,High,Access,Identity,Password Reset,Business,12.77,Jira,Security,Yes,2026-08-26T03:46:47.243640+00:00
813,Checkout returns an error,the same request succeeds after a retry. The issue is currently affecting several users.,Low,Application,Customer Portal,API,Business,15.86,Jira,L2-Application,No,2026-08-28T22:10:16.072564+00:00
814,User cannot access internal application,login works for other accounts but not this user. This started after a recent configuration change.,Low,Access,Identity,Password Reset,Enterprise,22.11,Portal,Security,Yes,2026-08-28T10:11:22.204430+00:00
815,DNS resolution failing for internal service,connections fail after authentication. This started after a recent configuration change.,Medium,Network,Platform,Load Balancer,Standard,22.13,Jira,L2-Network,Yes,2026-08-22T18:18:31.646645+00:00
816,User cannot access internal application,the user receives an access denied response. This started after a recent configuration change.,High,Access,Identity,Password Reset,Standard,4.57,Portal,Security,Yes,2026-09-11T21:54:17.289665+00:00
817,MFA challenge is failing,the account may have incorrect permissions. This started after a recent configuration change.,Medium,Access,Identity,IAM,Business,35.32,Jira,Security,Yes,2026-09-14T02:54:20.923638+00:00
818,Reports are running much slower,replica data is several minutes behind primary. The customer has already tried restarting the service.,High,Database,Data Services,Backup,Business,2.32,Portal,L3-Database,Yes,2026-09-14T15:47:34.414917+00:00
819,SSO login returns access denied,login works for other accounts but not this user. The issue is currently affecting several users.,High,Access,Identity,Password Reset,Enterprise,6.0,Chat,Security,Yes,2026-08-29T04:05:47.244408+00:00
820,Backup job failed overnight,the scheduled backup did not complete successfully. The support team has attached the latest logs.,High,Database,Data Services,Query Engine,Business,21.04,Jira,L3-Database,Yes,2026-09-11T09:00:05.085765+00:00
821,Database queries are timing out,the scheduled backup did not complete successfully. The problem is reproducible from the production environment.,High,Database,Data Services,MySQL,Business,2.9,Email,L2-Application,Yes,2026-09-18T23:38:55.584236+00:00
822,Docking station disconnects,the device worked earlier in the day. The issue is currently affecting several users.,High,Hardware,Workplace IT,Dock,Enterprise,12.54,Portal,L1-General,Yes,2026-08-23T18:42:16.074647+00:00
823,Backup job failed overnight,transactions are waiting longer than expected. The issue is currently affecting several users.,Medium,Database,Data Services,PostgreSQL,Enterprise,6.46,Jira,L2-Application,No,2026-09-13T20:33:26.260254+00:00
824,Intermittent network connectivity,connections fail after authentication. The issue is currently affecting several users.,Low,Network,Platform,Firewall,Enterprise,31.43,Email,L2-Network,Yes,2026-09-16T17:33:51.291621+00:00
825,Intermittent network connectivity,requests time out from the office network. This started after a recent configuration change.,Medium,Network,Platform,VPN,Business,35.19,Portal,L2-Network,Yes,2026-09-12T15:48:37.163834+00:00
826,External monitor is not detected,restarting the device did not resolve the problem. The customer has already tried restarting the service.,Medium,Hardware,Workplace IT,Dock,Business,31.09,Portal,L1-Hardware,Yes,2026-08-23T00:34:47.346425+00:00
827,Intermittent network connectivity,the service becomes unreachable every few minutes. The support team has attached the latest logs.,Low,Network,Platform,WiFi,Standard,10.17,Email,L2-Network,No,2026-09-10T13:35:10.403729+00:00
828,Intermittent network connectivity,users cannot stay connected to the corporate network. The customer has already tried restarting the service.,Medium,Network,Platform,Load Balancer,Enterprise,14.17,Email,L2-Network,Yes,2026-08-21T16:44:02.903284+00:00
829,Application page shows a blank screen,customers are unable to complete the workflow. The problem is reproducible from the production environment.,Low,Application,Customer Portal,Search,Standard,3.44,Email,L2-Application,No,2026-08-28T15:11:07.983788+00:00
830,Intermittent network connectivity,connections fail after authentication. This started after a recent configuration change.,Low,Network,Platform,VPN,Enterprise,4.56,Chat,L2-Network,No,2026-08-25T20:48:30.909838+00:00
831,Search results fail to load,the UI shows an unexpected error message. The support team has attached the latest logs.,Low,Application,Customer Portal,Authentication,Standard,0.7,Portal,L2-Application,No,2026-09-05T18:07:35.604200+00:00
832,SSO login returns access denied,the account may have incorrect permissions. The issue is currently affecting several users.,Medium,Access,Identity,Password Reset,Standard,25.79,Email,Security,Yes,2026-08-26T17:58:35.787943+00:00
833,Application page shows a blank screen,logs contain repeated server errors. The customer has already tried restarting the service.,Low,Application,Customer Portal,Checkout,Standard,17.66,Portal,L2-Application,No,2026-09-06T05:31:38.551774+00:00
834,API requests return HTTP 500,the UI shows an unexpected error message. The customer has already tried restarting the service.,High,Application,Customer Portal,Search,Standard,3.18,Portal,L2-Application,Yes,2026-08-26T11:12:29.815003+00:00
835,Intermittent network connectivity,connections fail after authentication. The problem is reproducible from the production environment.,Medium,Network,Platform,Load Balancer,Business,29.87,Email,L2-Network,Yes,2026-08-24T05:24:02.451852+00:00
836,Checkout returns an error,logs contain repeated server errors. The support team has attached the latest logs.,Low,Application,Customer Portal,Authentication,Standard,8.04,Chat,L2-Application,No,2026-09-01T14:09:01.614643+00:00
837,Password reset link is invalid,login works for other accounts but not this user. The problem is reproducible from the production environment.,Medium,Access,Identity,MFA,Enterprise,23.43,Jira,Security,Yes,2026-08-21T21:52:53.547845+00:00
838,Keyboard stops responding,the peripheral is intermittently unavailable. The support team has attached the latest logs.,Low,Hardware,Workplace IT,Dock,Business,31.8,Jira,L1-Hardware,Yes,2026-09-08T16:29:57.887283+00:00
839,Reports are running much slower,transactions are waiting longer than expected. The problem is reproducible from the production environment.,Medium,Database,Data Services,PostgreSQL,Business,26.88,Email,L2-Application,Yes,2026-08-28T17:07:04.706978+00:00
840,Unexpected permission change detected,the account may have incorrect permissions. The issue is currently affecting several users.,Low,Access,Identity,Permissions,Standard,18.42,Portal,Security,Yes,2026-09-09T00:42:05.856614+00:00
841,Printer is unavailable,the device worked earlier in the day. The issue is currently affecting several users.,Medium,Hardware,Workplace IT,Laptop,Enterprise,29.84,Portal,L1-Hardware,Yes,2026-08-26T22:55:21.668496+00:00
842,MFA challenge is failing,the user receives an access denied response. The customer has already tried restarting the service.,Medium,Access,Identity,MFA,Enterprise,7.63,Portal,Security,No,2026-08-29T22:58:06.785477+00:00
843,Reports are running much slower,the scheduled backup did not complete successfully. The issue is currently affecting several users.,High,Database,Data Services,Backup,Standard,15.2,Portal,L3-Database,Yes,2026-09-04T16:08:52.276365+00:00
844,Unexpected permission change detected,the event should be reviewed for security impact. This started after a recent configuration change.,Low,Access,Identity,IAM,Standard,5.6,Email,Security,No,2026-08-31T23:00:35.619493+00:00
845,Replication is lagging,the scheduled backup did not complete successfully. The issue is currently affecting several users.,Medium,Database,Data Services,MySQL,Business,7.35,Jira,L3-Database,No,2026-08-30T04:58:20.492579+00:00
846,Keyboard stops responding,a replacement may be required if troubleshooting fails. This started after a recent configuration change.,High,Hardware,Workplace IT,Monitor,Enterprise,35.85,Email,L1-Hardware,Yes,2026-09-01T04:55:15.477200+00:00
847,Password reset link is invalid,the event should be reviewed for security impact. The customer has already tried restarting the service.,Medium,Access,Identity,MFA,Business,34.84,Email,Security,Yes,2026-08-27T23:27:47.464966+00:00
848,API requests return HTTP 500,customers are unable to complete the workflow. The issue is currently affecting several users.,Medium,Application,Customer Portal,Notifications,Business,11.31,Chat,L2-Application,Yes,2026-08-26T16:32:58.562027+00:00
849,Docking station disconnects,the peripheral is intermittently unavailable. The customer has already tried restarting the service.,Medium,Hardware,Workplace IT,Monitor,Standard,8.41,Chat,L1-Hardware,No,2026-09-15T22:24:34.700126+00:00
850,SSO login returns access denied,login works for other accounts but not this user. The customer has already tried restarting the service.,Low,Access,Identity,IAM,Business,23.27,Email,Security,Yes,2026-08-24T15:02:57.145132+00:00
851,Search results fail to load,the UI shows an unexpected error message. The customer has already tried restarting the service.,Low,Application,Customer Portal,API,Standard,8.23,Portal,L2-Application,No,2026-09-18T14:15:33.584564+00:00
852,Replication is lagging,transactions are waiting longer than expected. The customer has already tried restarting the service.,Medium,Database,Data Services,Query Engine,Enterprise,21.73,Email,L3-Database,Yes,2026-08-26T13:21:41.905395+00:00
853,SSO login returns access denied,the user receives an access denied response. The support team has attached the latest logs.,High,Access,Identity,Password Reset,Business,32.85,Portal,Security,Yes,2026-09-10T18:12:11.627841+00:00
854,External monitor is not detected,a replacement may be required if troubleshooting fails. The support team has attached the latest logs.,Low,Hardware,Workplace IT,Keyboard,Standard,16.48,Jira,L1-Hardware,No,2026-09-14T13:29:02.007534+00:00
855,Application page shows a blank screen,customers are unable to complete the workflow. The problem is reproducible from the production environment.,Medium,Application,Customer Portal,Authentication,Standard,7.23,Chat,L2-Application,No,2026-08-27T13:42:52.556382+00:00
856,Docking station disconnects,restarting the device did not resolve the problem. The issue is currently affecting several users.,Low,Hardware,Workplace IT,Monitor,Business,18.75,Chat,L1-Hardware,No,2026-08-28T19:58:18.225637+00:00
857,Database queries are timing out,the issue is affecting reporting and analytics. The customer has already tried restarting the service.,High,Database,Data Services,Query Engine,Business,20.28,Portal,L3-Database,Yes,2026-09-14T21:32:22.740716+00:00
858,Application page shows a blank screen,logs contain repeated server errors. The problem is reproducible from the production environment.,Medium,Application,Customer Portal,Notifications,Standard,18.48,Jira,L2-Application,Yes,2026-09-03T16:49:30.153855+00:00
859,Password reset link is invalid,login works for other accounts but not this user. The support team has attached the latest logs.,Low,Access,Identity,Permissions,Standard,19.3,Jira,Security,Yes,2026-09-02T10:21:35.135123+00:00
860,Keyboard stops responding,a replacement may be required if troubleshooting fails. The issue is currently affecting several users.,High,Hardware,Workplace IT,Dock,Enterprise,23.82,Jira,L1-Hardware,Yes,2026-09-01T18:59:51.096436+00:00
861,SSO login returns access denied,the user receives an access denied response. The customer has already tried restarting the service.,Medium,Access,Identity,MFA,Standard,10.02,Chat,Security,Yes,2026-08-22T23:27:46.364170+00:00
862,Password reset link is invalid,login works for other accounts but not this user. The issue is currently affecting several users.,High,Access,Identity,IAM,Business,25.76,Chat,Security,Yes,2026-09-17T20:23:55.799973+00:00
863,MFA challenge is failing,the event should be reviewed for security impact. The issue is currently affecting several users.,High,Access,Identity,Permissions,Business,30.06,Chat,Security,Yes,2026-09-20T08:49:42.027948+00:00
864,User cannot access internal application,the account may have incorrect permissions. The issue is currently affecting several users.,High,Access,Identity,IAM,Enterprise,1.46,Jira,Security,Yes,2026-09-15T05:25:11.029707+00:00
865,Laptop will not power on,a replacement may be required if troubleshooting fails. The problem is reproducible from the production environment.,Low,Hardware,Workplace IT,Printer,Business,5.97,Portal,L1-Hardware,No,2026-09-13T08:01:56.500934+00:00
866,Reports are running much slower,the scheduled backup did not complete successfully. The customer has already tried restarting the service.,Medium,Database,Data Services,Backup,Enterprise,8.19,Jira,L3-Database,Yes,2026-09-11T07:56:17.282298+00:00
867,Docking station disconnects,the device worked earlier in the day. The support team has attached the latest logs.,Low,Hardware,Workplace IT,Dock,Standard,29.33,Email,L1-Hardware,No,2026-08-28T18:44:11.258579+00:00
868,Keyboard stops responding,the issue affects a single employee workstation. This started after a recent configuration change.,Medium,Hardware,Workplace IT,Dock,Business,29.87,Email,L1-Hardware,Yes,2026-09-19T20:37:50.390188+00:00
869,Backup job failed overnight,replica data is several minutes behind primary. This started after a recent configuration change.,High,Database,Data Services,Replication,Standard,9.75,Email,L3-Database,Yes,2026-09-10T19:13:46.137112+00:00
870,External monitor is not detected,the issue affects a single employee workstation. The customer has already tried restarting the service.,Medium,Hardware,Workplace IT,Keyboard,Enterprise,8.47,Chat,L1-Hardware,Yes,2026-09-16T07:58:46.274844+00:00
871,DNS resolution failing for internal service,connections fail after authentication. This started after a recent configuration change.,Medium,Network,Platform,VPN,Standard,32.38,Chat,L2-Network,Yes,2026-08-27T19:12:02.352992+00:00
872,Search results fail to load,customers are unable to complete the workflow. The problem is reproducible from the production environment.,Medium,Application,Customer Portal,Authentication,Business,12.63,Portal,L2-Application,No,2026-09-01T09:27:14.467880+00:00
873,Backup job failed overnight,replica data is several minutes behind primary. The issue is currently affecting several users.,High,Database,Data Services,Backup,Enterprise,10.3,Portal,L3-Database,Yes,2026-09-13T16:02:34.287845+00:00
874,Password reset link is invalid,the user receives an access denied response. This started after a recent configuration change.,Medium,Access,Identity,IAM,Business,29.34,Portal,Security,Yes,2026-08-29T17:04:38.433783+00:00
875,Keyboard stops responding,the issue affects a single employee workstation. The problem is reproducible from the production environment.,Low,Hardware,Workplace IT,Laptop,Business,16.57,Jira,L1-Hardware,Yes,2026-08-25T02:14:45.802411+00:00
876,Database queries are timing out,replica data is several minutes behind primary. The support team has attached the latest logs.,High,Database,Data Services,Backup,Business,26.86,Portal,L3-Database,Yes,2026-08-25T10:30:15.202698+00:00
877,SSO login returns access denied,the account may have incorrect permissions. The issue is currently affecting several users.,Low,Access,Identity,IAM,Business,18.41,Jira,Security,Yes,2026-09-08T17:20:31.652765+00:00
878,Search results fail to load,logs contain repeated server errors. The issue is currently affecting several users.,High,Application,Customer Portal,Notifications,Standard,29.55,Chat,L2-Application,Yes,2026-09-14T06:08:13.591476+00:00
879,External monitor is not detected,a replacement may be required if troubleshooting fails. This started after a recent configuration change.,Low,Hardware,Workplace IT,Printer,Standard,23.02,Jira,L1-Hardware,No,2026-09-09T13:37:33.380224+00:00
880,Application page shows a blank screen,customers are unable to complete the workflow. The support team has attached the latest logs.,Medium,Application,Customer Portal,Notifications,Standard,25.69,Portal,L2-Application,Yes,2026-08-31T12:10:05.309704+00:00
881,SSO login returns access denied,the account may have incorrect permissions. The problem is reproducible from the production environment.,Low,Access,Identity,Permissions,Business,26.03,Portal,Security,Yes,2026-09-07T11:31:45.130101+00:00
882,Reports are running much slower,the issue is affecting reporting and analytics. The customer has already tried restarting the service.,Medium,Database,Data Services,Query Engine,Standard,8.46,Portal,L3-Database,Yes,2026-08-24T10:14:41.771730+00:00
883,VPN connection drops repeatedly,connections fail after authentication. The issue is currently affecting several users.,High,Network,Platform,Load Balancer,Enterprise,3.24,Jira,L2-Network,Yes,2026-09-10T05:51:48.158946+00:00
884,Database queries are timing out,replica data is several minutes behind primary. The problem is reproducible from the production environment.,Low,Database,Data Services,Query Engine,Business,11.04,Portal,L3-Database,No,2026-09-20T06:26:39.783806+00:00
885,Laptop will not power on,a replacement may be required if troubleshooting fails. The customer has already tried restarting the service.,Low,Hardware,Workplace IT,Keyboard,Enterprise,18.37,Email,L1-Hardware,No,2026-09-12T03:39:21.794767+00:00
886,Replication is lagging,connections remain open after requests finish. The customer has already tried restarting the service.,Medium,Database,Data Services,Replication,Enterprise,7.62,Chat,L3-Database,Yes,2026-09-03T06:12:39.707019+00:00
887,Backup job failed overnight,replica data is several minutes behind primary. This started after a recent configuration change.,Low,Database,Data Services,MySQL,Business,19.51,Email,L3-Database,Yes,2026-08-25T04:39:49.937897+00:00
888,Notification jobs are delayed,customers are unable to complete the workflow. This started after a recent configuration change.,Low,Application,Customer Portal,Notifications,Business,18.96,Chat,L2-Application,Yes,2026-09-11T19:32:39.690256+00:00
889,API requests return HTTP 500,the UI shows an unexpected error message. This started after a recent configuration change.,High,Application,Customer Portal,Checkout,Enterprise,23.33,Email,L2-Network,Yes,2026-09-16T22:25:53.244252+00:00
890,External monitor is not detected,a replacement may be required if troubleshooting fails. This started after a recent configuration change.,Low,Hardware,Workplace IT,Laptop,Business,16.25,Email,L1-Hardware,No,2026-09-19T02:41:34.548718+00:00
891,Search results fail to load,customers are unable to complete the workflow. This started after a recent configuration change.,Low,Application,Customer Portal,Authentication,Enterprise,28.53,Portal,L2-Application,Yes,2026-08-21T14:47:47.607812+00:00
892,SSO login returns access denied,the event should be reviewed for security impact. The customer has already tried restarting the service.,Low,Access,Identity,SSO,Standard,2.17,Portal,Security,No,2026-09-05T08:00:35.559949+00:00
893,User cannot access internal application,the account may have incorrect permissions. The customer has already tried restarting the service.,Low,Access,Identity,SSO,Enterprise,20.48,Chat,Security,Yes,2026-08-26T21:40:07.926230+00:00
894,Database queries are timing out,connections remain open after requests finish. The issue is currently affecting several users.,Low,Database,Data Services,Backup,Standard,1.73,Jira,L3-Database,No,2026-08-23T12:19:29.395137+00:00
895,Replication is lagging,the issue is affecting reporting and analytics. This started after a recent configuration change.,Medium,Database,Data Services,MySQL,Standard,6.62,Email,L3-Database,No,2026-08-27T01:55:33.994581+00:00
896,Keyboard stops responding,the device worked earlier in the day. The customer has already tried restarting the service.,Low,Hardware,Workplace IT,Laptop,Standard,4.72,Portal,L1-Hardware,No,2026-09-11T16:05:31.186590+00:00
897,MFA challenge is failing,the event should be reviewed for security impact. The support team has attached the latest logs.,Medium,Access,Identity,IAM,Business,24.41,Jira,Security,Yes,2026-09-13T10:52:09.221668+00:00
898,Database connection pool is exhausted,transactions are waiting longer than expected. The support team has attached the latest logs.,Medium,Database,Data Services,Replication,Enterprise,19.93,Portal,L3-Database,Yes,2026-09-15T23:54:52.894801+00:00
899,Printer is unavailable,restarting the device did not resolve the problem. The problem is reproducible from the production environment.,Medium,Hardware,Workplace IT,Laptop,Enterprise,24.1,Chat,L1-Hardware,Yes,2026-08-26T10:39:16.354536+00:00
900,VPN connection drops repeatedly,the service becomes unreachable every few minutes. The issue is currently affecting several users.,Low,Network,Platform,Firewall,Standard,22.71,Portal,L2-Network,Yes,2026-09-01T03:11:51.743469+00:00
901,Intermittent network connectivity,packets appear to be dropped intermittently. The issue is currently affecting several users.,High,Network,Platform,DNS,Business,30.47,Jira,L2-Network,Yes,2026-08-25T15:31:53.358118+00:00
902,Application page shows a blank screen,customers are unable to complete the workflow. The support team has attached the latest logs.,High,Application,Customer Portal,Checkout,Standard,9.4,Email,L2-Application,Yes,2026-09-03T04:36:52.410877+00:00
903,User cannot access internal application,the event should be reviewed for security impact. The issue is currently affecting several users.,Low,Access,Identity,IAM,Business,11.43,Email,L2-Application,No,2026-09-18T23:18:32.297351+00:00
904,SSO login returns access denied,the user receives an access denied response. This started after a recent configuration change.,Medium,Access,Identity,IAM,Enterprise,24.31,Chat,Security,Yes,2026-09-11T14:36:49.627886+00:00
905,Printer is unavailable,a replacement may be required if troubleshooting fails. The problem is reproducible from the production environment.,Medium,Hardware,Workplace IT,Printer,Standard,27.31,Jira,L1-Hardware,Yes,2026-09-02T04:42:43.544487+00:00
906,Unexpected permission change detected,the user receives an access denied response. The issue is currently affecting several users.,Low,Access,Identity,Permissions,Business,28.96,Chat,Security,Yes,2026-09-04T05:00:29.355998+00:00
907,Search results fail to load,logs contain repeated server errors. The customer has already tried restarting the service.,Low,Application,Customer Portal,API,Enterprise,28.5,Jira,L2-Application,Yes,2026-09-15T02:16:51.623898+00:00
908,Backup job failed overnight,the scheduled backup did not complete successfully. This started after a recent configuration change.,High,Database,Data Services,Replication,Standard,24.42,Email,L1-General,Yes,2026-09-12T22:26:29.453920+00:00
909,External monitor is not detected,the peripheral is intermittently unavailable. This started after a recent configuration change.,Medium,Hardware,Workplace IT,Laptop,Business,31.46,Jira,L1-Hardware,Yes,2026-09-08T15:12:21.989439+00:00
910,SSO login returns access denied,the authentication flow stops before completion. This started after a recent configuration change.,Medium,Access,Identity,Permissions,Standard,1.81,Portal,Security,No,2026-08-29T01:40:13.403638+00:00
911,Docking station disconnects,restarting the device did not resolve the problem. The support team has attached the latest logs.,Low,Hardware,Workplace IT,Printer,Business,26.09,Chat,L2-Network,Yes,2026-09-13T16:17:12.340217+00:00
912,Database connection pool is exhausted,the scheduled backup did not complete successfully. The issue is currently affecting several users.,Low,Database,Data Services,Replication,Business,11.19,Portal,L3-Database,No,2026-08-30T16:09:59.804241+00:00
913,External monitor is not detected,a replacement may be required if troubleshooting fails. The support team has attached the latest logs.,Low,Hardware,Workplace IT,Laptop,Enterprise,2.65,Jira,L1-Hardware,No,2026-09-10T10:36:14.893482+00:00
914,Replication is lagging,the scheduled backup did not complete successfully. The customer has already tried restarting the service.,Medium,Database,Data Services,PostgreSQL,Enterprise,10.7,Email,L3-Database,Yes,2026-08-24T19:27:38.510696+00:00
915,User cannot access internal application,the authentication flow stops before completion. The customer has already tried restarting the service.,Medium,Access,Identity,IAM,Business,23.37,Jira,Security,Yes,2026-09-07T06:57:28.414175+00:00
916,API requests return HTTP 500,the UI shows an unexpected error message. The support team has attached the latest logs.,Medium,Application,Customer Portal,Notifications,Business,24.03,Portal,L2-Application,Yes,2026-09-01T01:45:29.139794+00:00
917,Database connection pool is exhausted,replica data is several minutes behind primary. The support team has attached the latest logs.,Low,Database,Data Services,Query Engine,Business,34.14,Email,L3-Database,Yes,2026-08-24T13:15:27.918690+00:00
918,Printer is unavailable,the device worked earlier in the day. The customer has already tried restarting the service.,High,Hardware,Workplace IT,Laptop,Enterprise,28.73,Chat,L1-Hardware,Yes,2026-09-11T05:13:16.666262+00:00
919,Reports are running much slower,the scheduled backup did not complete successfully. The issue is currently affecting several users.,Low,Database,Data Services,MySQL,Enterprise,1.59,Portal,L3-Database,No,2026-08-30T19:57:49.398345+00:00
920,Checkout returns an error,the same request succeeds after a retry. The support team has attached the latest logs.,Low,Application,Customer Portal,Notifications,Standard,31.3,Jira,L2-Application,Yes,2026-09-17T03:05:44.171055+00:00
921,Firewall blocks application traffic,requests time out from the office network. This started after a recent configuration change.,Medium,Network,Platform,WiFi,Business,13.87,Email,L2-Network,No,2026-09-12T18:20:37.266172+00:00
922,SSO login returns access denied,the authentication flow stops before completion. This started after a recent configuration change.,Medium,Access,Identity,MFA,Standard,9.02,Jira,Security,Yes,2026-08-30T18:35:54.638260+00:00
923,MFA challenge is failing,the authentication flow stops before completion. The customer has already tried restarting the service.,Medium,Access,Identity,IAM,Enterprise,4.39,Email,Security,No,2026-08-22T08:18:49.797795+00:00
924,Firewall blocks application traffic,packets appear to be dropped intermittently. The issue is currently affecting several users.,Low,Network,Platform,Firewall,Standard,10.43,Jira,L2-Network,No,2026-09-01T22:48:20.619543+00:00
925,User cannot access internal application,the authentication flow stops before completion. This started after a recent configuration change.,Low,Access,Identity,IAM,Business,11.45,Chat,Security,No,2026-09-02T17:52:19.130733+00:00
926,Database connection pool is exhausted,replica data is several minutes behind primary. This started after a recent configuration change.,Medium,Database,Data Services,Replication,Standard,1.7,Jira,L3-Database,No,2026-09-07T23:28:07.088967+00:00
927,Firewall blocks application traffic,requests time out from the office network. The support team has attached the latest logs.,Medium,Network,Platform,DNS,Standard,23.59,Email,L2-Network,Yes,2026-08-24T00:17:37.818030+00:00
928,MFA challenge is failing,the account may have incorrect permissions. The problem is reproducible from the production environment.,Medium,Access,Identity,IAM,Business,9.59,Email,Security,No,2026-09-08T19:26:10.816707+00:00
929,Search results fail to load,the application worked yesterday but now fails for multiple users. The customer has already tried restarting the service.,Low,Application,Customer Portal,Authentication,Enterprise,31.38,Jira,L2-Network,Yes,2026-09-07T21:28:52.147231+00:00
930,Database connection pool is exhausted,transactions are waiting longer than expected. This started after a recent configuration change.,Low,Database,Data Services,Backup,Business,12.24,Chat,L3-Database,No,2026-09-11T03:11:11.633374+00:00
931,Notification jobs are delayed,the same request succeeds after a retry. The problem is reproducible from the production environment.,Medium,Application,Customer Portal,API,Enterprise,27.54,Email,L2-Application,Yes,2026-09-03T15:37:05.975408+00:00
932,Keyboard stops responding,restarting the device did not resolve the problem. This started after a recent configuration change.,Low,Hardware,Workplace IT,Laptop,Business,32.63,Portal,L1-Hardware,Yes,2026-08-31T06:39:54.803344+00:00
933,Database connection pool is exhausted,replica data is several minutes behind primary. The problem is reproducible from the production environment.,High,Database,Data Services,Query Engine,Business,26.89,Jira,L3-Database,Yes,2026-09-11T20:57:05.436114+00:00
934,Replication is lagging,the issue is affecting reporting and analytics. The support team has attached the latest logs.,High,Database,Data Services,MySQL,Enterprise,25.09,Jira,L3-Database,Yes,2026-08-31T05:11:55.360277+00:00
935,External monitor is not detected,a replacement may be required if troubleshooting fails. The customer has already tried restarting the service.,Medium,Hardware,Workplace IT,Monitor,Enterprise,14.04,Jira,L1-Hardware,Yes,2026-08-31T03:12:55.502949+00:00
936,Application page shows a blank screen,the UI shows an unexpected error message. The support team has attached the latest logs.,Low,Application,Customer Portal,Authentication,Enterprise,17.49,Portal,L2-Application,Yes,2026-09-04T08:11:04.229389+00:00
937,Docking station disconnects,the device worked earlier in the day. The issue is currently affecting several users.,Low,Hardware,Workplace IT,Printer,Standard,25.97,Jira,L1-Hardware,Yes,2026-09-07T18:53:33.021106+00:00
938,Laptop will not power on,the issue affects a single employee workstation. The support team has attached the latest logs.,Medium,Hardware,Workplace IT,Laptop,Enterprise,0.3,Portal,L1-Hardware,No,2026-08-21T17:24:49.023673+00:00
939,Database queries are timing out,transactions are waiting longer than expected. The issue is currently affecting several users.,Medium,Database,Data Services,Replication,Standard,33.22,Chat,L3-Database,Yes,2026-08-27T11:48:15.095255+00:00
940,Application page shows a blank screen,logs contain repeated server errors. The issue is currently affecting several users.,Low,Application,Customer Portal,Authentication,Enterprise,9.91,Email,L1-General,No,2026-09-01T05:36:45.583101+00:00
941,DNS resolution failing for internal service,packets appear to be dropped intermittently. This started after a recent configuration change.,High,Network,Platform,Firewall,Business,22.86,Chat,L2-Network,Yes,2026-09-14T06:43:57.266991+00:00
942,Database connection pool is exhausted,the issue is affecting reporting and analytics. This started after a recent configuration change.,Medium,Database,Data Services,Backup,Enterprise,15.42,Chat,L3-Database,Yes,2026-09-07T02:13:40.921257+00:00
943,Reports are running much slower,the scheduled backup did not complete successfully. The support team has attached the latest logs.,Medium,Database,Data Services,Backup,Standard,14.57,Chat,L3-Database,Yes,2026-09-10T13:24:35.114858+00:00
944,Printer is unavailable,restarting the device did not resolve the problem. The problem is reproducible from the production environment.,Low,Hardware,Workplace IT,Laptop,Business,9.61,Email,L1-Hardware,No,2026-09-17T21:09:27.378279+00:00
945,VPN connection drops repeatedly,the service becomes unreachable every few minutes. The support team has attached the latest logs.,Low,Network,Platform,DNS,Business,2.1,Jira,L2-Network,No,2026-09-02T21:35:02.839583+00:00
946,DNS resolution failing for internal service,connections fail after authentication. The issue is currently affecting several users.,Low,Network,Platform,WiFi,Business,14.59,Email,L2-Network,No,2026-09-14T22:31:42.346976+00:00
947,DNS resolution failing for internal service,the service becomes unreachable every few minutes. The customer has already tried restarting the service.,Medium,Network,Platform,Load Balancer,Business,28.14,Portal,L2-Network,Yes,2026-09-18T18:05:44.372237+00:00
948,Firewall blocks application traffic,users cannot stay connected to the corporate network. The support team has attached the latest logs.,Medium,Network,Platform,Load Balancer,Business,8.04,Portal,L2-Network,No,2026-09-05T12:16:22.132006+00:00
949,User cannot access internal application,the account may have incorrect permissions. The customer has already tried restarting the service.,Medium,Access,Identity,SSO,Enterprise,8.28,Chat,Security,Yes,2026-09-20T03:14:56.750743+00:00
950,Docking station disconnects,the device worked earlier in the day. This started after a recent configuration change.,Low,Hardware,Workplace IT,Laptop,Business,4.85,Portal,L1-Hardware,No,2026-09-16T06:23:38.154321+00:00
951,User cannot access internal application,the authentication flow stops before completion. This started after a recent configuration change.,High,Access,Identity,SSO,Business,6.87,Email,Security,Yes,2026-08-22T22:49:37.693716+00:00
952,Reports are running much slower,replica data is several minutes behind primary. The issue is currently affecting several users.,Low,Database,Data Services,Replication,Enterprise,8.02,Jira,L3-Database,Yes,2026-09-10T18:46:32.548175+00:00
953,Unexpected permission change detected,the user receives an access denied response. The issue is currently affecting several users.,High,Access,Identity,Permissions,Standard,16.84,Jira,Security,Yes,2026-09-02T20:24:36.532856+00:00
954,VPN connection drops repeatedly,the service becomes unreachable every few minutes. This started after a recent configuration change.,Low,Network,Platform,DNS,Enterprise,6.46,Chat,L2-Network,No,2026-09-06T22:40:50.101837+00:00
955,DNS resolution failing for internal service,the service becomes unreachable every few minutes. The customer has already tried restarting the service.,Medium,Network,Platform,Firewall,Standard,10.53,Chat,L2-Network,Yes,2026-09-03T19:38:33.789126+00:00
956,Printer is unavailable,the peripheral is intermittently unavailable. The customer has already tried restarting the service.,High,Hardware,Workplace IT,Laptop,Standard,11.12,Jira,L1-Hardware,Yes,2026-08-31T08:24:34.383039+00:00
957,API requests return HTTP 500,the application worked yesterday but now fails for multiple users. The customer has already tried restarting the service.,Medium,Application,Customer Portal,Authentication,Standard,2.72,Portal,L2-Application,No,2026-09-03T00:47:00.368188+00:00
958,SSO login returns access denied,the account may have incorrect permissions. The issue is currently affecting several users.,Low,Access,Identity,MFA,Enterprise,13.16,Chat,Security,No,2026-08-31T06:54:08.682572+00:00
959,Intermittent network connectivity,users cannot stay connected to the corporate network. The support team has attached the latest logs.,High,Network,Platform,WiFi,Standard,33.74,Email,L2-Network,Yes,2026-08-30T11:59:28.382603+00:00
960,Database connection pool is exhausted,connections remain open after requests finish. The customer has already tried restarting the service.,High,Database,Data Services,MySQL,Standard,4.77,Jira,L3-Database,Yes,2026-09-16T20:28:18.638095+00:00
961,Notification jobs are delayed,the application worked yesterday but now fails for multiple users. The support team has attached the latest logs.,Medium,Application,Customer Portal,Search,Standard,13.34,Chat,L2-Application,No,2026-08-25T03:00:04.693474+00:00
962,Backup job failed overnight,the scheduled backup did not complete successfully. The customer has already tried restarting the service.,High,Database,Data Services,PostgreSQL,Business,34.99,Chat,L3-Database,Yes,2026-09-10T13:59:25.155502+00:00
963,MFA challenge is failing,the user receives an access denied response. The customer has already tried restarting the service.,Medium,Access,Identity,MFA,Business,34.79,Portal,Security,Yes,2026-09-01T08:34:20.308824+00:00
964,Docking station disconnects,the peripheral is intermittently unavailable. The issue is currently affecting several users.,Medium,Hardware,Workplace IT,Printer,Enterprise,13.94,Email,L1-Hardware,Yes,2026-09-04T10:16:06.868866+00:00
965,Checkout returns an error,the UI shows an unexpected error message. The problem is reproducible from the production environment.,Medium,Application,Customer Portal,Authentication,Enterprise,31.82,Portal,L2-Application,Yes,2026-09-10T04:26:05.891881+00:00
966,Database queries are timing out,the scheduled backup did not complete successfully. The customer has already tried restarting the service.,Low,Database,Data Services,MySQL,Standard,24.01,Email,L3-Database,Yes,2026-09-19T00:20:47.743703+00:00
967,Database connection pool is exhausted,connections remain open after requests finish. The problem is reproducible from the production environment.,Low,Database,Data Services,MySQL,Standard,20.4,Email,L3-Database,Yes,2026-09-02T22:18:14.455820+00:00
968,Database connection pool is exhausted,replica data is several minutes behind primary. The problem is reproducible from the production environment.,High,Database,Data Services,Query Engine,Business,17.21,Chat,L3-Database,Yes,2026-08-27T01:04:31.377024+00:00
969,SSO login returns access denied,the account may have incorrect permissions. This started after a recent configuration change.,Medium,Access,Identity,SSO,Enterprise,15.87,Portal,Security,Yes,2026-09-15T05:21:12.565229+00:00
970,Laptop will not power on,restarting the device did not resolve the problem. The support team has attached the latest logs.,Medium,Hardware,Workplace IT,Keyboard,Standard,25.08,Portal,L1-Hardware,Yes,2026-08-25T23:28:12.079541+00:00
971,SSO login returns access denied,login works for other accounts but not this user. The issue is currently affecting several users.,High,Access,Identity,SSO,Enterprise,3.25,Portal,Security,Yes,2026-08-30T22:44:52.485614+00:00
972,Replication is lagging,replica data is several minutes behind primary. The support team has attached the latest logs.,Low,Database,Data Services,PostgreSQL,Business,21.03,Chat,L3-Database,Yes,2026-08-23T18:48:15.842202+00:00
973,Replication is lagging,connections remain open after requests finish. The support team has attached the latest logs.,Medium,Database,Data Services,Replication,Business,18.55,Email,L3-Database,Yes,2026-08-28T20:23:56.614615+00:00
974,Load balancer health checks failing,connections fail after authentication. This started after a recent configuration change.,High,Network,Platform,WiFi,Enterprise,21.41,Chat,L2-Network,Yes,2026-09-05T17:34:15.095471+00:00
975,Notification jobs are delayed,customers are unable to complete the workflow. The support team has attached the latest logs.,Medium,Application,Customer Portal,Search,Enterprise,26.23,Portal,L2-Application,Yes,2026-08-30T13:37:01.084149+00:00
976,Backup job failed overnight,replica data is several minutes behind primary. The support team has attached the latest logs.,High,Database,Data Services,PostgreSQL,Standard,29.02,Chat,L3-Database,Yes,2026-09-14T03:52:19.804007+00:00
977,SSO login returns access denied,the authentication flow stops before completion. The support team has attached the latest logs.,High,Access,Identity,SSO,Standard,3.21,Jira,Security,Yes,2026-08-24T05:39:48.754915+00:00
978,Printer is unavailable,the issue affects a single employee workstation. The support team has attached the latest logs.,Low,Hardware,Workplace IT,Laptop,Standard,19.96,Email,L1-Hardware,No,2026-09-02T07:47:27.518441+00:00
979,Search results fail to load,the application worked yesterday but now fails for multiple users. The support team has attached the latest logs.,Low,Application,Customer Portal,Search,Enterprise,13.81,Portal,L2-Application,Yes,2026-08-21T15:51:26.761382+00:00
980,Replication is lagging,connections remain open after requests finish. The support team has attached the latest logs.,Medium,Database,Data Services,Backup,Business,17.71,Jira,L3-Database,Yes,2026-09-17T09:54:07.032427+00:00
981,User cannot access internal application,the authentication flow stops before completion. The problem is reproducible from the production environment.,Low,Access,Identity,MFA,Business,35.57,Chat,Security,Yes,2026-08-22T19:56:52.486537+00:00
982,Unexpected permission change detected,the user receives an access denied response. The support team has attached the latest logs.,Medium,Access,Identity,Permissions,Business,7.51,Portal,Security,Yes,2026-09-19T23:24:26.316237+00:00
983,Notification jobs are delayed,the same request succeeds after a retry. The customer has already tried restarting the service.,Medium,Application,Customer Portal,Checkout,Standard,14.18,Email,L2-Application,Yes,2026-09-15T03:38:33.622979+00:00
984,User cannot access internal application,the account may have incorrect permissions. The support team has attached the latest logs.,High,Access,Identity,IAM,Standard,19.94,Chat,Security,Yes,2026-09-06T11:52:16.989470+00:00
985,Password reset link is invalid,login works for other accounts but not this user. The issue is currently affecting several users.,Medium,Access,Identity,IAM,Standard,1.42,Portal,Security,No,2026-09-02T01:28:39.133892+00:00
986,DNS resolution failing for internal service,the service becomes unreachable every few minutes. The problem is reproducible from the production environment.,Medium,Network,Platform,VPN,Enterprise,29.56,Chat,L2-Network,Yes,2026-09-05T14:27:14.478011+00:00
987,Notification jobs are delayed,the application worked yesterday but now fails for multiple users. The issue is currently affecting several users.,Medium,Application,Customer Portal,Checkout,Business,29.41,Chat,L2-Network,Yes,2026-08-23T05:40:08.381992+00:00
988,Replication is lagging,transactions are waiting longer than expected. The support team has attached the latest logs.,High,Database,Data Services,Backup,Enterprise,23.2,Chat,L3-Database,Yes,2026-09-04T04:50:26.016253+00:00
989,Intermittent network connectivity,users cannot stay connected to the corporate network. This started after a recent configuration change.,Medium,Network,Platform,WiFi,Business,24.22,Chat,L2-Network,Yes,2026-09-07T02:17:58.179915+00:00
990,Replication is lagging,replica data is several minutes behind primary. The support team has attached the latest logs.,High,Database,Data Services,MySQL,Business,7.21,Chat,L3-Database,Yes,2026-09-17T08:11:55.986988+00:00
991,Database connection pool is exhausted,the scheduled backup did not complete successfully. This started after a recent configuration change.,High,Database,Data Services,MySQL,Standard,10.71,Chat,L3-Database,Yes,2026-09-04T06:36:37.893761+00:00
992,SSO login returns access denied,the account may have incorrect permissions. The problem is reproducible from the production environment.,Low,Access,Identity,Password Reset,Standard,17.48,Chat,Security,Yes,2026-08-22T17:51:13.559539+00:00
993,DNS resolution failing for internal service,requests time out from the office network. The problem is reproducible from the production environment.,Medium,Network,Platform,Firewall,Enterprise,35.54,Jira,L2-Network,Yes,2026-08-29T01:43:36.909828+00:00
994,Backup job failed overnight,the issue is affecting reporting and analytics. The customer has already tried restarting the service.,Medium,Database,Data Services,PostgreSQL,Enterprise,4.08,Jira,L3-Database,No,2026-08-21T16:36:28.620193+00:00
995,Replication is lagging,the issue is affecting reporting and analytics. This started after a recent configuration change.,Medium,Database,Data Services,Query Engine,Enterprise,13.69,Portal,L3-Database,Yes,2026-09-03T04:00:08.624113+00:00
996,Replication is lagging,the scheduled backup did not complete successfully. The customer has already tried restarting the service.,Medium,Database,Data Services,Backup,Standard,22.09,Email,L3-Database,Yes,2026-09-02T20:02:09.793663+00:00
997,SSO login returns access denied,the account may have incorrect permissions. The problem is reproducible from the production environment.,High,Access,Identity,SSO,Standard,18.8,Email,Security,Yes,2026-09-15T08:07:03.121922+00:00
998,Backup job failed overnight,transactions are waiting longer than expected. The support team has attached the latest logs.,Medium,Database,Data Services,PostgreSQL,Standard,10.75,Portal,L3-Database,Yes,2026-09-16T02:36:39.704723+00:00
999,Printer is unavailable,the issue affects a single employee workstation. The issue is currently affecting several users.,Medium,Hardware,Workplace IT,Dock,Standard,31.26,Portal,L1-Hardware,Yes,2026-08-29T07:02:30.017736+00:00
1000,MFA challenge is failing,login works for other accounts but not this user. The support team has attached the latest logs.,Low,Access,Identity,MFA,Enterprise,1.09,Portal,Security,No,2026-08-30T23:47:59.598726+00:00
1001,External monitor is not detected,the peripheral is intermittently unavailable. The issue is currently affecting several users.,High,Hardware,Workplace IT,Laptop,Standard,1.91,Jira,L1-Hardware,No,2026-09-19T05:21:55.632869+00:00
1002,Laptop will not power on,the device worked earlier in the day. The support team has attached the latest logs.,Medium,Hardware,Workplace IT,Dock,Standard,15.71,Email,L1-Hardware,Yes,2026-08-29T01:31:04.212866+00:00
1003,MFA challenge is failing,the user receives an access denied response. The issue is currently affecting several users.,High,Access,Identity,Password Reset,Business,26.02,Chat,L2-Application,Yes,2026-09-04T21:14:48.257834+00:00
1004,VPN connection drops repeatedly,packets appear to be dropped intermittently. The support team has attached the latest logs.,Medium,Network,Platform,VPN,Business,12.19,Jira,L2-Network,No,2026-09-17T05:23:21.149961+00:00
1005,MFA challenge is failing,the authentication flow stops before completion. The customer has already tried restarting the service.,Medium,Access,Identity,IAM,Standard,9.95,Email,Security,No,2026-09-06T03:33:18.648373+00:00
1006,SSO login returns access denied,the user receives an access denied response. The issue is currently affecting several users.,Medium,Access,Identity,SSO,Standard,19.16,Email,Security,Yes,2026-08-28T04:51:39.004058+00:00
1007,Docking station disconnects,a replacement may be required if troubleshooting fails. The problem is reproducible from the production environment.,Low,Hardware,Workplace IT,Keyboard,Business,6.28,Jira,L1-Hardware,No,2026-08-27T13:19:28.012463+00:00
1008,DNS resolution failing for internal service,packets appear to be dropped intermittently. The support team has attached the latest logs.,High,Network,Platform,DNS,Enterprise,19.91,Chat,L2-Network,Yes,2026-08-26T23:27:45.135002+00:00
1009,DNS resolution failing for internal service,connections fail after authentication. The problem is reproducible from the production environment.,Low,Network,Platform,VPN,Enterprise,18.07,Email,L2-Network,Yes,2026-08-26T17:24:37.500475+00:00
1010,Database queries are timing out,replica data is several minutes behind primary. The problem is reproducible from the production environment.,Low,Database,Data Services,PostgreSQL,Standard,14.1,Chat,L3-Database,No,2026-09-04T15:22:57.486960+00:00
1011,Unexpected permission change detected,login works for other accounts but not this user. This started after a recent configuration change.,Low,Access,Identity,SSO,Business,35.87,Portal,Security,Yes,2026-08-23T18:54:41.309226+00:00
1012,Printer is unavailable,the issue affects a single employee workstation. The support team has attached the latest logs.,High,Hardware,Workplace IT,Laptop,Business,1.57,Email,L1-Hardware,No,2026-09-17T20:40:30.494474+00:00
1013,Replication is lagging,the scheduled backup did not complete successfully. This started after a recent configuration change.,Medium,Database,Data Services,MySQL,Standard,9.11,Chat,L3-Database,Yes,2026-08-26T19:58:55.540282+00:00
1014,Laptop will not power on,restarting the device did not resolve the problem. The support team has attached the latest logs.,Medium,Hardware,Workplace IT,Laptop,Enterprise,12.95,Email,L1-Hardware,No,2026-09-05T21:27:37.922182+00:00
1015,Laptop will not power on,a replacement may be required if troubleshooting fails. This started after a recent configuration change.,Low,Hardware,Workplace IT,Printer,Enterprise,11.84,Jira,L1-Hardware,No,2026-09-12T20:30:07.357133+00:00
1016,Database queries are timing out,the scheduled backup did not complete successfully. The problem is reproducible from the production environment.,Low,Database,Data Services,Query Engine,Enterprise,15.38,Chat,L3-Database,Yes,2026-09-17T19:07:26.432764+00:00
1017,Replication is lagging,connections remain open after requests finish. The issue is currently affecting several users.,Medium,Database,Data Services,Replication,Business,1.65,Portal,L3-Database,No,2026-09-18T08:37:58.659362+00:00
1018,Application page shows a blank screen,customers are unable to complete the workflow. The customer has already tried restarting the service.,High,Application,Customer Portal,Notifications,Standard,25.98,Chat,L2-Application,Yes,2026-09-03T05:18:24.518146+00:00
1019,Application page shows a blank screen,the application worked yesterday but now fails for multiple users. The customer has already tried restarting the service.,Medium,Application,Customer Portal,Notifications,Standard,17.05,Email,L2-Application,Yes,2026-09-07T14:30:21.457468+00:00
1020,Docking station disconnects,the device worked earlier in the day. The problem is reproducible from the production environment.,Low,Hardware,Workplace IT,Keyboard,Enterprise,17.9,Email,L1-Hardware,No,2026-09-02T04:34:42.338193+00:00
1021,Password reset link is invalid,the event should be reviewed for security impact. The support team has attached the latest logs.,Low,Access,Identity,Password Reset,Standard,14.15,Email,Security,No,2026-09-15T08:19:49.320342+00:00
1022,DNS resolution failing for internal service,users cannot stay connected to the corporate network. The problem is reproducible from the production environment.,Medium,Network,Platform,DNS,Business,1.53,Email,L1-Hardware,No,2026-08-27T06:12:34.953880+00:00
1023,Load balancer health checks failing,the service becomes unreachable every few minutes. The customer has already tried restarting the service.,Low,Network,Platform,Load Balancer,Standard,26.21,Portal,L2-Network,No,2026-08-26T08:40:17.380235+00:00
1024,Load balancer health checks failing,packets appear to be dropped intermittently. The issue is currently affecting several users.,Medium,Network,Platform,Firewall,Business,9.0,Chat,L2-Network,No,2026-08-31T14:00:52.565009+00:00
1025,Database connection pool is exhausted,the scheduled backup did not complete successfully. This started after a recent configuration change.,High,Database,Data Services,Query Engine,Enterprise,6.04,Portal,L3-Database,Yes,2026-09-10T16:09:10.946523+00:00
1026,SSO login returns access denied,the authentication flow stops before completion. This started after a recent configuration change.,Medium,Access,Identity,Permissions,Standard,14.79,Chat,Security,Yes,2026-09-18T23:27:59.558066+00:00
1027,Firewall blocks application traffic,connections fail after authentication. The problem is reproducible from the production environment.,High,Network,Platform,Firewall,Business,20.56,Jira,L2-Network,Yes,2026-08-26T02:36:40.338316+00:00
1028,SSO login returns access denied,the account may have incorrect permissions. The problem is reproducible from the production environment.,Medium,Access,Identity,Password Reset,Enterprise,5.0,Chat,Security,Yes,2026-09-01T21:18:48.229465+00:00
1029,Printer is unavailable,restarting the device did not resolve the problem. The support team has attached the latest logs.,Medium,Hardware,Workplace IT,Printer,Standard,6.92,Email,L1-Hardware,No,2026-08-28T09:53:42.315060+00:00
1030,Reports are running much slower,replica data is several minutes behind primary. This started after a recent configuration change.,Medium,Database,Data Services,Backup,Enterprise,10.79,Portal,L3-Database,Yes,2026-09-05T20:30:43.376316+00:00
1031,Application page shows a blank screen,logs contain repeated server errors. This started after a recent configuration change.,High,Application,Customer Portal,Checkout,Enterprise,18.37,Email,L2-Application,Yes,2026-08-26T09:32:22.622033+00:00
1032,Keyboard stops responding,a replacement may be required if troubleshooting fails. The customer has already tried restarting the service.,High,Hardware,Workplace IT,Keyboard,Business,13.24,Email,L1-Hardware,Yes,2026-08-22T02:10:43.391065+00:00
1033,Load balancer health checks failing,requests time out from the office network. The issue is currently affecting several users.,Low,Network,Platform,VPN,Business,16.74,Jira,L2-Application,Yes,2026-09-13T05:19:43.377285+00:00
1034,Notification jobs are delayed,the same request succeeds after a retry. The problem is reproducible from the production environment.,Medium,Application,Customer Portal,Checkout,Standard,25.51,Jira,L2-Application,Yes,2026-09-16T22:19:20.292352+00:00
1035,Application page shows a blank screen,the same request succeeds after a retry. The issue is currently affecting several users.,Medium,Application,Customer Portal,API,Enterprise,32.65,Chat,L2-Application,Yes,2026-09-18T03:17:33.417941+00:00
1036,Password reset link is invalid,the event should be reviewed for security impact. This started after a recent configuration change.,High,Access,Identity,IAM,Enterprise,21.5,Chat,Security,Yes,2026-09-13T23:32:07.551200+00:00
1037,DNS resolution failing for internal service,the service becomes unreachable every few minutes. This started after a recent configuration change.,Medium,Network,Platform,VPN,Enterprise,3.21,Jira,L2-Network,No,2026-08-28T12:48:38.267475+00:00
1038,Application page shows a blank screen,the same request succeeds after a retry. The problem is reproducible from the production environment.,Medium,Application,Customer Portal,Checkout,Business,10.59,Chat,L2-Application,Yes,2026-09-08T08:00:51.934303+00:00
1039,Laptop will not power on,the issue affects a single employee workstation. This started after a recent configuration change.,Medium,Hardware,Workplace IT,Keyboard,Enterprise,8.33,Email,L1-Hardware,No,2026-09-18T18:14:19.978729+00:00
1040,Load balancer health checks failing,users cannot stay connected to the corporate network. The problem is reproducible from the production environment.,Low,Network,Platform,Load Balancer,Enterprise,20.51,Portal,L2-Network,Yes,2026-08-23T07:37:50.349504+00:00
1041,User cannot access internal application,the authentication flow stops before completion. The customer has already tried restarting the service.,Low,Access,Identity,SSO,Standard,4.31,Chat,Security,No,2026-08-24T18:03:03.569560+00:00
1042,MFA challenge is failing,login works for other accounts but not this user. The issue is currently affecting several users.,Medium,Access,Identity,IAM,Standard,21.3,Jira,Security,Yes,2026-09-13T23:42:51.560659+00:00
1043,Intermittent network connectivity,users cannot stay connected to the corporate network. This started after a recent configuration change.,Low,Network,Platform,Load Balancer,Enterprise,21.09,Email,L2-Network,No,2026-08-22T20:45:45.512871+00:00
1044,User cannot access internal application,the authentication flow stops before completion. The support team has attached the latest logs.,Medium,Access,Identity,IAM,Standard,29.62,Jira,Security,Yes,2026-08-30T12:19:46.524204+00:00
1045,Database queries are timing out,the scheduled backup did not complete successfully. The customer has already tried restarting the service.,Low,Database,Data Services,MySQL,Business,11.97,Jira,L3-Database,Yes,2026-09-14T03:17:13.050932+00:00
1046,Replication is lagging,connections remain open after requests finish. The support team has attached the latest logs.,Low,Database,Data Services,Backup,Standard,2.69,Email,L3-Database,No,2026-09-02T18:01:03.141891+00:00
1047,Notification jobs are delayed,the application worked yesterday but now fails for multiple users. The support team has attached the latest logs.,Medium,Application,Customer Portal,API,Enterprise,12.53,Jira,L2-Application,Yes,2026-08-29T17:07:29.856113+00:00
1048,Checkout returns an error,logs contain repeated server errors. The customer has already tried restarting the service.,Medium,Application,Customer Portal,Search,Enterprise,5.88,Email,L2-Application,No,2026-09-02T06:36:42.365127+00:00
1049,Replication is lagging,connections remain open after requests finish. This started after a recent configuration change.,Low,Database,Data Services,MySQL,Enterprise,5.48,Chat,L3-Database,No,2026-09-07T09:03:48.833483+00:00
1050,DNS resolution failing for internal service,connections fail after authentication. The support team has attached the latest logs.,Low,Network,Platform,Firewall,Business,1.77,Email,L2-Network,No,2026-09-06T03:25:23.271546+00:00
1051,DNS resolution failing for internal service,connections fail after authentication. The problem is reproducible from the production environment.,High,Network,Platform,Firewall,Enterprise,3.61,Chat,L2-Network,No,2026-08-28T18:13:03.227853+00:00
1052,MFA challenge is failing,login works for other accounts but not this user. The problem is reproducible from the production environment.,High,Access,Identity,Password Reset,Standard,4.16,Email,Security,No,2026-09-01T20:28:56.132303+00:00
1053,DNS resolution failing for internal service,the service becomes unreachable every few minutes. This started after a recent configuration change.,Low,Network,Platform,VPN,Business,5.14,Portal,L2-Network,No,2026-09-06T23:12:12.214284+00:00
1054,Unexpected permission change detected,the user receives an access denied response. The issue is currently affecting several users.,High,Access,Identity,Password Reset,Standard,26.69,Portal,Security,Yes,2026-09-06T09:43:15.565885+00:00
1055,Load balancer health checks failing,users cannot stay connected to the corporate network. This started after a recent configuration change.,Low,Network,Platform,DNS,Business,15.78,Jira,L2-Network,No,2026-08-31T22:37:28.232261+00:00
1056,Replication is lagging,replica data is several minutes behind primary. The issue is currently affecting several users.,High,Database,Data Services,PostgreSQL,Business,17.8,Email,L3-Database,Yes,2026-09-15T10:02:28.202605+00:00
1057,Firewall blocks application traffic,the service becomes unreachable every few minutes. The support team has attached the latest logs.,High,Network,Platform,Firewall,Enterprise,1.38,Portal,L2-Network,Yes,2026-09-03T23:41:32.365977+00:00
1058,Database queries are timing out,transactions are waiting longer than expected. This started after a recent configuration change.,Medium,Database,Data Services,PostgreSQL,Enterprise,12.8,Chat,L1-General,Yes,2026-08-25T01:53:54.528857+00:00
1059,DNS resolution failing for internal service,requests time out from the office network. The problem is reproducible from the production environment.,Medium,Network,Platform,WiFi,Standard,22.14,Chat,L2-Network,Yes,2026-09-12T17:43:17.660883+00:00
1060,External monitor is not detected,a replacement may be required if troubleshooting fails. The customer has already tried restarting the service.,Medium,Hardware,Workplace IT,Monitor,Standard,31.19,Portal,L1-Hardware,Yes,2026-08-29T07:40:29.439134+00:00
1061,Notification jobs are delayed,customers are unable to complete the workflow. This started after a recent configuration change.,Medium,Application,Customer Portal,Checkout,Standard,25.61,Chat,L2-Application,Yes,2026-09-19T05:18:54.122331+00:00
1062,MFA challenge is failing,the authentication flow stops before completion. The problem is reproducible from the production environment.,Medium,Access,Identity,Password Reset,Standard,33.38,Jira,L1-General,Yes,2026-09-03T22:42:11.353881+00:00
1063,Intermittent network connectivity,requests time out from the office network. The problem is reproducible from the production environment.,High,Network,Platform,VPN,Business,23.85,Portal,L2-Network,Yes,2026-09-05T16:13:26.352263+00:00
1064,Search results fail to load,the same request succeeds after a retry. The problem is reproducible from the production environment.,Medium,Application,Customer Portal,Notifications,Business,7.16,Email,L2-Application,Yes,2026-09-15T03:42:40.236789+00:00
1065,Application page shows a blank screen,the application worked yesterday but now fails for multiple users. This started after a recent configuration change.,High,Application,Customer Portal,Authentication,Standard,5.3,Portal,L2-Application,Yes,2026-09-02T14:19:01.409240+00:00
1066,Search results fail to load,the UI shows an unexpected error message. The issue is currently affecting several users.,Medium,Application,Customer Portal,API,Enterprise,25.23,Portal,L2-Application,Yes,2026-09-12T13:38:09.055320+00:00
1067,Notification jobs are delayed,the application worked yesterday but now fails for multiple users. This started after a recent configuration change.,Low,Application,Customer Portal,Search,Business,13.69,Chat,L2-Application,No,2026-09-08T08:21:57.949986+00:00
1068,Printer is unavailable,restarting the device did not resolve the problem. The problem is reproducible from the production environment.,Medium,Hardware,Workplace IT,Laptop,Enterprise,11.8,Portal,L1-Hardware,No,2026-08-26T02:53:44.319362+00:00
1069,Unexpected permission change detected,the authentication flow stops before completion. The support team has attached the latest logs.,Medium,Access,Identity,Password Reset,Standard,31.28,Jira,Security,Yes,2026-09-06T17:13:56.218748+00:00
1070,MFA challenge is failing,login works for other accounts but not this user. The support team has attached the latest logs.,Medium,Access,Identity,SSO,Business,10.06,Chat,Security,No,2026-08-31T16:27:43.729433+00:00
1071,Keyboard stops responding,the peripheral is intermittently unavailable. This started after a recent configuration change.,High,Hardware,Workplace IT,Monitor,Enterprise,34.0,Jira,L1-Hardware,Yes,2026-08-24T08:22:00.452156+00:00
1072,Backup job failed overnight,replica data is several minutes behind primary. The problem is reproducible from the production environment.,Low,Database,Data Services,Replication,Standard,24.6,Chat,L3-Database,Yes,2026-09-11T11:12:36.954078+00:00
1073,Laptop will not power on,a replacement may be required if troubleshooting fails. The problem is reproducible from the production environment.,High,Hardware,Workplace IT,Keyboard,Standard,20.38,Portal,L1-Hardware,Yes,2026-09-03T20:10:38.908527+00:00
1074,Unexpected permission change detected,the event should be reviewed for security impact. This started after a recent configuration change.,High,Access,Identity,IAM,Business,18.83,Portal,Security,Yes,2026-09-10T03:54:22.828139+00:00
1075,SSO login returns access denied,the event should be reviewed for security impact. This started after a recent configuration change.,High,Access,Identity,Password Reset,Business,15.26,Chat,Security,Yes,2026-09-08T23:56:15.031215+00:00
1076,Checkout returns an error,customers are unable to complete the workflow. The support team has attached the latest logs.,Low,Application,Customer Portal,Search,Enterprise,18.08,Chat,L2-Application,Yes,2026-09-15T15:44:04.315800+00:00
1077,Notification jobs are delayed,customers are unable to complete the workflow. This started after a recent configuration change.,High,Application,Customer Portal,Notifications,Business,3.06,Chat,L2-Application,Yes,2026-09-11T15:04:24.239069+00:00
1078,Keyboard stops responding,a replacement may be required if troubleshooting fails. This started after a recent configuration change.,High,Hardware,Workplace IT,Dock,Business,6.22,Email,L1-Hardware,No,2026-09-08T07:06:28.394518+00:00
1079,Firewall blocks application traffic,requests time out from the office network. The customer has already tried restarting the service.,Low,Network,Platform,Firewall,Enterprise,10.04,Portal,L2-Application,No,2026-09-16T11:04:51.947481+00:00
1080,Search results fail to load,the UI shows an unexpected error message. The issue is currently affecting several users.,High,Application,Customer Portal,Notifications,Standard,34.88,Chat,L2-Application,Yes,2026-08-31T03:28:23.965805+00:00
1081,MFA challenge is failing,the account may have incorrect permissions. The issue is currently affecting several users.,Low,Access,Identity,IAM,Standard,35.31,Portal,Security,Yes,2026-08-26T09:20:54.366597+00:00
1082,MFA challenge is failing,the event should be reviewed for security impact. The issue is currently affecting several users.,Medium,Access,Identity,Permissions,Business,28.14,Portal,Security,Yes,2026-09-04T09:22:05.080737+00:00
1083,Load balancer health checks failing,packets appear to be dropped intermittently. The issue is currently affecting several users.,Medium,Network,Platform,Firewall,Enterprise,4.76,Email,L2-Network,No,2026-09-03T08:54:40.338497+00:00
1084,Intermittent network connectivity,requests time out from the office network. The issue is currently affecting several users.,Medium,Network,Platform,WiFi,Business,10.7,Chat,L2-Network,No,2026-09-05T11:26:13.845655+00:00
1085,VPN connection drops repeatedly,the service becomes unreachable every few minutes. The customer has already tried restarting the service.,High,Network,Platform,WiFi,Business,20.49,Portal,L2-Network,Yes,2026-08-31T11:35:24.898169+00:00
1086,SSO login returns access denied,the user receives an access denied response. This started after a recent configuration change.,Medium,Access,Identity,MFA,Standard,6.93,Chat,Security,No,2026-08-29T03:21:45.762378+00:00
1087,Password reset link is invalid,the authentication flow stops before completion. The customer has already tried restarting the service.,Medium,Access,Identity,MFA,Standard,8.34,Email,Security,No,2026-08-31T11:27:42.045738+00:00
1088,DNS resolution failing for internal service,users cannot stay connected to the corporate network. The customer has already tried restarting the service.,Medium,Network,Platform,WiFi,Standard,10.62,Portal,L2-Network,No,2026-09-09T05:31:37.205749+00:00
1089,Reports are running much slower,the scheduled backup did not complete successfully. This started after a recent configuration change.,High,Database,Data Services,Query Engine,Business,19.83,Jira,L3-Database,Yes,2026-08-27T21:34:08.584541+00:00
1090,Checkout returns an error,the UI shows an unexpected error message. The customer has already tried restarting the service.,Medium,Application,Customer Portal,Authentication,Standard,35.11,Portal,L2-Application,Yes,2026-09-08T13:16:56.008250+00:00
1091,External monitor is not detected,the peripheral is intermittently unavailable. The customer has already tried restarting the service.,Low,Hardware,Workplace IT,Monitor,Standard,29.85,Portal,L1-Hardware,Yes,2026-08-31T03:41:14.743549+00:00
1092,Checkout returns an error,logs contain repeated server errors. The customer has already tried restarting the service.,High,Application,Customer Portal,API,Standard,21.4,Jira,L2-Application,Yes,2026-09-15T04:45:56.395811+00:00
1093,Search results fail to load,customers are unable to complete the workflow. This started after a recent configuration change.,Medium,Application,Customer Portal,Notifications,Enterprise,5.41,Email,L2-Application,Yes,2026-09-16T16:00:01.118145+00:00
1094,Unexpected permission change detected,login works for other accounts but not this user. The issue is currently affecting several users.,High,Access,Identity,Password Reset,Enterprise,6.82,Email,Security,Yes,2026-09-02T07:06:02.447247+00:00
1095,Replication is lagging,connections remain open after requests finish. The problem is reproducible from the production environment.,High,Database,Data Services,Query Engine,Business,28.8,Chat,L3-Database,Yes,2026-09-05T16:21:47.962438+00:00
1096,Search results fail to load,the same request succeeds after a retry. The issue is currently affecting several users.,Medium,Application,Customer Portal,Authentication,Standard,21.14,Email,L2-Application,Yes,2026-08-24T07:22:07.407159+00:00
1097,Docking station disconnects,the issue affects a single employee workstation. The issue is currently affecting several users.,Low,Hardware,Workplace IT,Monitor,Business,25.01,Email,L1-Hardware,Yes,2026-09-12T14:44:41.111563+00:00
1098,Backup job failed overnight,transactions are waiting longer than expected. The issue is currently affecting several users.,High,Database,Data Services,PostgreSQL,Enterprise,5.98,Jira,L3-Database,Yes,2026-08-29T01:36:43.591223+00:00
1099,Database queries are timing out,connections remain open after requests finish. The issue is currently affecting several users.,Medium,Database,Data Services,Backup,Standard,16.75,Jira,L3-Database,Yes,2026-09-13T15:24:56.897095+00:00
1100,API requests return HTTP 500,the application worked yesterday but now fails for multiple users. The customer has already tried restarting the service.,Medium,Application,Customer Portal,Notifications,Standard,4.62,Email,L2-Application,No,2026-09-06T06:59:33.755033+00:00
1101,DNS resolution failing for internal service,connections fail after authentication. This started after a recent configuration change.,High,Network,Platform,Load Balancer,Business,2.07,Portal,L2-Network,No,2026-09-07T13:42:41.094996+00:00
1102,Application page shows a blank screen,the UI shows an unexpected error message. The customer has already tried restarting the service.,Medium,Application,Customer Portal,Checkout,Business,16.35,Jira,L2-Application,Yes,2026-09-17T02:45:40.085868+00:00
1103,SSO login returns access denied,the authentication flow stops before completion. This started after a recent configuration change.,Medium,Access,Identity,IAM,Enterprise,29.44,Portal,Security,Yes,2026-09-15T09:54:40.798650+00:00
1104,Keyboard stops responding,the peripheral is intermittently unavailable. The support team has attached the latest logs.,Medium,Hardware,Workplace IT,Printer,Enterprise,13.53,Email,L1-Hardware,No,2026-09-07T12:07:35.433901+00:00
1105,External monitor is not detected,the issue affects a single employee workstation. This started after a recent configuration change.,Medium,Hardware,Workplace IT,Laptop,Standard,26.37,Chat,L1-Hardware,Yes,2026-08-25T07:09:55.961167+00:00
1106,Replication is lagging,replica data is several minutes behind primary. This started after a recent configuration change.,Medium,Database,Data Services,Backup,Standard,22.55,Email,L3-Database,Yes,2026-08-28T10:35:59.148686+00:00
1107,Load balancer health checks failing,the service becomes unreachable every few minutes. This started after a recent configuration change.,Medium,Network,Platform,Firewall,Business,5.92,Jira,L2-Network,Yes,2026-08-27T16:32:37.107188+00:00
1108,SSO login returns access denied,the account may have incorrect permissions. The issue is currently affecting several users.,High,Access,Identity,SSO,Standard,27.68,Chat,Security,Yes,2026-09-14T22:26:08.397941+00:00
1109,Checkout returns an error,customers are unable to complete the workflow. This started after a recent configuration change.,High,Application,Customer Portal,Checkout,Standard,27.76,Chat,L2-Application,Yes,2026-09-12T09:52:04.430919+00:00
1110,Unexpected permission change detected,the authentication flow stops before completion. The customer has already tried restarting the service.,Medium,Access,Identity,IAM,Standard,18.7,Email,Security,Yes,2026-09-07T18:28:43.451241+00:00
1111,External monitor is not detected,the peripheral is intermittently unavailable. This started after a recent configuration change.,Medium,Hardware,Workplace IT,Keyboard,Enterprise,9.53,Portal,L1-Hardware,No,2026-09-19T17:53:58.457234+00:00
1112,Search results fail to load,the same request succeeds after a retry. The support team has attached the latest logs.,Medium,Application,Customer Portal,Notifications,Standard,34.68,Email,L2-Application,Yes,2026-08-26T10:17:27.339722+00:00
1113,Search results fail to load,logs contain repeated server errors. The issue is currently affecting several users.,Low,Application,Customer Portal,Authentication,Enterprise,24.14,Portal,L2-Application,Yes,2026-09-19T08:20:16.743766+00:00
1114,Keyboard stops responding,the device worked earlier in the day. The customer has already tried restarting the service.,Medium,Hardware,Workplace IT,Printer,Business,9.41,Chat,L1-Hardware,No,2026-09-19T13:44:09.531595+00:00
1115,MFA challenge is failing,login works for other accounts but not this user. The support team has attached the latest logs.,High,Access,Identity,Permissions,Enterprise,12.58,Portal,Security,Yes,2026-08-27T12:28:42.731216+00:00
1116,Keyboard stops responding,a replacement may be required if troubleshooting fails. The customer has already tried restarting the service.,Low,Hardware,Workplace IT,Dock,Enterprise,17.54,Jira,L1-Hardware,No,2026-08-31T15:44:24.417467+00:00
1117,Application page shows a blank screen,the same request succeeds after a retry. The problem is reproducible from the production environment.,Medium,Application,Customer Portal,Authentication,Enterprise,22.42,Chat,L2-Application,Yes,2026-09-08T19:22:04.890397+00:00
1118,Search results fail to load,the application worked yesterday but now fails for multiple users. The customer has already tried restarting the service.,Medium,Application,Customer Portal,Checkout,Enterprise,0.34,Portal,L1-General,No,2026-08-22T18:29:53.333648+00:00
1119,Checkout returns an error,logs contain repeated server errors. The issue is currently affecting several users.,High,Application,Customer Portal,Checkout,Enterprise,33.93,Chat,L2-Application,Yes,2026-09-08T19:04:33.942958+00:00
1120,Laptop will not power on,the issue affects a single employee workstation. The support team has attached the latest logs.,Low,Hardware,Workplace IT,Printer,Standard,16.71,Email,L1-Hardware,No,2026-08-30T15:27:23.058028+00:00
1121,Keyboard stops responding,the issue affects a single employee workstation. The problem is reproducible from the production environment.,Low,Hardware,Workplace IT,Dock,Business,33.74,Portal,L1-Hardware,No,2026-09-19T12:25:01.967532+00:00
1122,Replication is lagging,transactions are waiting longer than expected. The problem is reproducible from the production environment.,High,Database,Data Services,Backup,Standard,4.23,Chat,L3-Database,Yes,2026-09-03T18:32:31.274150+00:00
1123,Search results fail to load,the same request succeeds after a retry. This started after a recent configuration change.,Low,Application,Customer Portal,Checkout,Enterprise,11.39,Chat,L2-Application,No,2026-08-30T08:02:48.191889+00:00
1124,MFA challenge is failing,the user receives an access denied response. The problem is reproducible from the production environment.,Medium,Access,Identity,SSO,Business,32.35,Email,Security,Yes,2026-09-06T17:44:02.692810+00:00
1125,External monitor is not detected,the issue affects a single employee workstation. The customer has already tried restarting the service.,Medium,Hardware,Workplace IT,Dock,Standard,7.09,Chat,L1-Hardware,No,2026-09-12T15:24:05.493405+00:00
1126,Password reset link is invalid,the authentication flow stops before completion. The support team has attached the latest logs.,Medium,Access,Identity,IAM,Business,4.55,Email,Security,Yes,2026-09-10T07:59:00.167324+00:00
1127,Intermittent network connectivity,packets appear to be dropped intermittently. The customer has already tried restarting the service.,Medium,Network,Platform,DNS,Standard,8.1,Chat,L2-Network,No,2026-08-31T17:33:20.427631+00:00
1128,Notification jobs are delayed,logs contain repeated server errors. The support team has attached the latest logs.,Medium,Application,Customer Portal,Checkout,Business,28.31,Jira,L1-General,Yes,2026-08-24T15:37:04.948589+00:00
1129,Printer is unavailable,the peripheral is intermittently unavailable. This started after a recent configuration change.,Low,Hardware,Workplace IT,Dock,Business,8.28,Jira,L1-Hardware,No,2026-09-03T13:55:02.747025+00:00
1130,Checkout returns an error,logs contain repeated server errors. The support team has attached the latest logs.,Low,Application,Customer Portal,API,Business,5.42,Jira,L2-Network,No,2026-09-10T02:39:00.199726+00:00
1131,Password reset link is invalid,login works for other accounts but not this user. The support team has attached the latest logs.,Medium,Access,Identity,MFA,Standard,10.42,Portal,Security,No,2026-09-15T17:17:02.924020+00:00
1132,Notification jobs are delayed,logs contain repeated server errors. The problem is reproducible from the production environment.,Low,Application,Customer Portal,Notifications,Enterprise,13.56,Portal,L2-Application,No,2026-09-11T23:28:31.489566+00:00
1133,User cannot access internal application,the user receives an access denied response. The problem is reproducible from the production environment.,Low,Access,Identity,SSO,Enterprise,16.95,Email,Security,Yes,2026-08-24T00:51:52.408641+00:00
1134,Search results fail to load,the application worked yesterday but now fails for multiple users. The customer has already tried restarting the service.,Low,Application,Customer Portal,Search,Enterprise,10.02,Chat,L2-Application,No,2026-09-17T09:18:11.328568+00:00
1135,Replication is lagging,transactions are waiting longer than expected. The support team has attached the latest logs.,Low,Database,Data Services,Query Engine,Enterprise,12.23,Email,L3-Database,Yes,2026-09-15T08:05:45.701962+00:00
1136,MFA challenge is failing,the user receives an access denied response. The support team has attached the latest logs.,Medium,Access,Identity,SSO,Standard,2.44,Chat,Security,No,2026-08-30T06:42:11.992134+00:00
1137,User cannot access internal application,the authentication flow stops before completion. The support team has attached the latest logs.,Medium,Access,Identity,SSO,Enterprise,29.73,Portal,Security,Yes,2026-09-02T19:35:12.204776+00:00
1138,MFA challenge is failing,the user receives an access denied response. The problem is reproducible from the production environment.,High,Access,Identity,Permissions,Enterprise,11.09,Chat,Security,Yes,2026-09-13T17:09:52.895679+00:00
1139,Unexpected permission change detected,the authentication flow stops before completion. The issue is currently affecting several users.,High,Access,Identity,IAM,Enterprise,15.67,Jira,L2-Application,Yes,2026-09-02T02:56:52.898090+00:00
1140,Reports are running much slower,the issue is affecting reporting and analytics. The problem is reproducible from the production environment.,Medium,Database,Data Services,PostgreSQL,Standard,7.76,Chat,L3-Database,Yes,2026-09-13T19:29:40.499914+00:00
1141,Intermittent network connectivity,connections fail after authentication. The support team has attached the latest logs.,Low,Network,Platform,DNS,Standard,31.93,Portal,L2-Network,Yes,2026-08-23T09:40:43.211798+00:00
1142,Unexpected permission change detected,login works for other accounts but not this user. The issue is currently affecting several users.,Medium,Access,Identity,SSO,Enterprise,29.05,Chat,Security,Yes,2026-09-16T18:48:43.473177+00:00
1143,Password reset link is invalid,the account may have incorrect permissions. The customer has already tried restarting the service.,Medium,Access,Identity,Password Reset,Business,15.31,Jira,Security,Yes,2026-09-10T18:42:02.975205+00:00
1144,Database connection pool is exhausted,the scheduled backup did not complete successfully. The support team has attached the latest logs.,Low,Database,Data Services,Query Engine,Enterprise,22.62,Email,L3-Database,Yes,2026-09-14T23:12:23.350349+00:00
1145,Laptop will not power on,a replacement may be required if troubleshooting fails. The support team has attached the latest logs.,Medium,Hardware,Workplace IT,Laptop,Enterprise,25.64,Email,L1-Hardware,Yes,2026-09-16T07:05:11.924396+00:00
1146,Search results fail to load,customers are unable to complete the workflow. The issue is currently affecting several users.,Medium,Application,Customer Portal,Checkout,Standard,7.95,Chat,L2-Application,Yes,2026-09-08T18:53:13.949782+00:00
1147,External monitor is not detected,a replacement may be required if troubleshooting fails. This started after a recent configuration change.,High,Hardware,Workplace IT,Keyboard,Enterprise,8.17,Chat,L1-Hardware,Yes,2026-08-29T07:57:16.716865+00:00
1148,API requests return HTTP 500,logs contain repeated server errors. The support team has attached the latest logs.,Medium,Application,Customer Portal,Notifications,Standard,5.29,Portal,L2-Application,No,2026-09-10T18:15:22.377214+00:00
1149,User cannot access internal application,login works for other accounts but not this user. The problem is reproducible from the production environment.,Medium,Access,Identity,IAM,Standard,31.76,Jira,Security,Yes,2026-09-05T18:07:38.363046+00:00
1150,Search results fail to load,logs contain repeated server errors. The support team has attached the latest logs.,Low,Application,Customer Portal,API,Standard,22.12,Jira,L2-Application,Yes,2026-09-16T12:30:48.394191+00:00
1151,MFA challenge is failing,the event should be reviewed for security impact. The support team has attached the latest logs.,High,Access,Identity,IAM,Enterprise,21.88,Portal,Security,Yes,2026-09-09T06:58:43.461162+00:00
1152,Laptop will not power on,the issue affects a single employee workstation. The customer has already tried restarting the service.,Low,Hardware,Workplace IT,Keyboard,Standard,3.63,Portal,L1-Hardware,No,2026-09-14T18:09:46.545460+00:00
1153,External monitor is not detected,a replacement may be required if troubleshooting fails. This started after a recent configuration change.,Medium,Hardware,Workplace IT,Monitor,Standard,8.86,Email,L1-Hardware,No,2026-08-30T17:02:40.736122+00:00
1154,Laptop will not power on,the peripheral is intermittently unavailable. The problem is reproducible from the production environment.,Low,Hardware,Workplace IT,Printer,Business,23.39,Email,L1-Hardware,No,2026-09-15T08:42:54.250330+00:00
1155,Replication is lagging,the scheduled backup did not complete successfully. The issue is currently affecting several users.,Medium,Database,Data Services,PostgreSQL,Enterprise,32.7,Jira,L3-Database,Yes,2026-09-07T20:57:22.710384+00:00
1156,Laptop will not power on,restarting the device did not resolve the problem. The issue is currently affecting several users.,Medium,Hardware,Workplace IT,Dock,Business,25.39,Portal,L1-Hardware,Yes,2026-09-17T22:11:07.317198+00:00
1157,DNS resolution failing for internal service,the service becomes unreachable every few minutes. The support team has attached the latest logs.,Low,Network,Platform,WiFi,Business,35.84,Portal,L2-Network,Yes,2026-09-09T13:57:26.356585+00:00
1158,Search results fail to load,customers are unable to complete the workflow. The problem is reproducible from the production environment.,Low,Application,Customer Portal,Checkout,Business,23.37,Chat,L2-Application,Yes,2026-08-24T02:59:29.883321+00:00
1159,VPN connection drops repeatedly,requests time out from the office network. The problem is reproducible from the production environment.,Medium,Network,Platform,WiFi,Business,7.59,Chat,L2-Network,No,2026-08-22T11:51:40.044490+00:00
1160,Firewall blocks application traffic,users cannot stay connected to the corporate network. The support team has attached the latest logs.,Low,Network,Platform,VPN,Business,25.11,Email,L2-Network,Yes,2026-08-30T20:58:11.253199+00:00
1161,DNS resolution failing for internal service,the service becomes unreachable every few minutes. The issue is currently affecting several users.,High,Network,Platform,WiFi,Business,18.73,Chat,L2-Network,Yes,2026-09-07T09:38:09.258588+00:00
1162,Checkout returns an error,logs contain repeated server errors. The customer has already tried restarting the service.,Low,Application,Customer Portal,Checkout,Business,11.51,Portal,L2-Application,No,2026-09-09T16:37:21.198285+00:00
1163,Application page shows a blank screen,the same request succeeds after a retry. The problem is reproducible from the production environment.,Medium,Application,Customer Portal,Notifications,Enterprise,25.63,Chat,L1-General,Yes,2026-08-24T11:26:46.849369+00:00
1164,MFA challenge is failing,login works for other accounts but not this user. The problem is reproducible from the production environment.,Low,Access,Identity,Permissions,Enterprise,29.16,Chat,Security,Yes,2026-09-17T19:48:06.146010+00:00
1165,Printer is unavailable,a replacement may be required if troubleshooting fails. The problem is reproducible from the production environment.,Medium,Hardware,Workplace IT,Laptop,Business,0.89,Portal,L2-Network,No,2026-08-22T08:33:49.165370+00:00
1166,User cannot access internal application,the account may have incorrect permissions. This started after a recent configuration change.,High,Access,Identity,MFA,Standard,14.33,Chat,Security,Yes,2026-09-20T03:36:28.341196+00:00
1167,Notification jobs are delayed,the application worked yesterday but now fails for multiple users. The problem is reproducible from the production environment.,Medium,Application,Customer Portal,Authentication,Standard,23.05,Chat,L2-Application,Yes,2026-09-16T15:14:30.582176+00:00
1168,Database connection pool is exhausted,connections remain open after requests finish. The customer has already tried restarting the service.,Low,Database,Data Services,Query Engine,Standard,3.6,Portal,L3-Database,No,2026-09-02T16:50:27.018968+00:00
1169,MFA challenge is failing,login works for other accounts but not this user. The customer has already tried restarting the service.,Medium,Access,Identity,IAM,Standard,21.26,Chat,Security,Yes,2026-09-02T06:22:17.779837+00:00
1170,VPN connection drops repeatedly,packets appear to be dropped intermittently. The support team has attached the latest logs.,Low,Network,Platform,Firewall,Standard,33.54,Chat,L2-Network,Yes,2026-09-20T03:26:50.092522+00:00
1171,Replication is lagging,connections remain open after requests finish. The customer has already tried restarting the service.,High,Database,Data Services,Backup,Enterprise,7.39,Chat,L3-Database,Yes,2026-09-16T11:42:53.553281+00:00
1172,Load balancer health checks failing,the service becomes unreachable every few minutes. The problem is reproducible from the production environment.,Medium,Network,Platform,Firewall,Business,11.27,Jira,L2-Network,Yes,2026-08-25T20:13:26.349101+00:00
1173,Search results fail to load,the UI shows an unexpected error message. The issue is currently affecting several users.,High,Application,Customer Portal,Notifications,Standard,12.8,Jira,L2-Application,Yes,2026-09-12T09:39:27.530418+00:00
1174,Docking station disconnects,the peripheral is intermittently unavailable. This started after a recent configuration change.,Medium,Hardware,Workplace IT,Printer,Standard,17.51,Email,L1-Hardware,No,2026-09-10T08:13:45.752227+00:00
1175,API requests return HTTP 500,customers are unable to complete the workflow. The problem is reproducible from the production environment.,Low,Application,Customer Portal,Search,Enterprise,30.59,Chat,L2-Application,Yes,2026-09-08T02:13:44.096542+00:00
1176,Password reset link is invalid,the account may have incorrect permissions. The support team has attached the latest logs.,High,Access,Identity,MFA,Standard,19.17,Chat,Security,Yes,2026-09-16T17:51:30.959110+00:00
1177,User cannot access internal application,the account may have incorrect permissions. The issue is currently affecting several users.,Medium,Access,Identity,IAM,Standard,35.39,Chat,Security,Yes,2026-09-03T00:15:06.969808+00:00
1178,DNS resolution failing for internal service,the service becomes unreachable every few minutes. The issue is currently affecting several users.,High,Network,Platform,VPN,Enterprise,31.76,Email,L2-Network,Yes,2026-08-28T11:45:49.705461+00:00
1179,Docking station disconnects,the issue affects a single employee workstation. This started after a recent configuration change.,High,Hardware,Workplace IT,Keyboard,Standard,19.45,Chat,L1-Hardware,Yes,2026-09-02T02:55:01.081677+00:00
1180,MFA challenge is failing,the account may have incorrect permissions. The support team has attached the latest logs.,Medium,Access,Identity,Permissions,Business,31.44,Email,Security,Yes,2026-08-23T06:54:55.437868+00:00
1181,Docking station disconnects,a replacement may be required if troubleshooting fails. The customer has already tried restarting the service.,Medium,Hardware,Workplace IT,Printer,Business,4.56,Jira,L1-Hardware,No,2026-09-08T08:30:04.527483+00:00
1182,Search results fail to load,the application worked yesterday but now fails for multiple users. The support team has attached the latest logs.,High,Application,Customer Portal,Checkout,Business,8.27,Portal,L2-Application,Yes,2026-08-25T07:02:59.706540+00:00
1183,DNS resolution failing for internal service,users cannot stay connected to the corporate network. This started after a recent configuration change.,High,Network,Platform,VPN,Enterprise,24.96,Portal,L2-Network,Yes,2026-09-04T05:41:43.146515+00:00
1184,Database queries are timing out,replica data is several minutes behind primary. The issue is currently affecting several users.,High,Database,Data Services,PostgreSQL,Standard,18.1,Jira,L3-Database,Yes,2026-09-18T21:19:01.448751+00:00
1185,Application page shows a blank screen,the same request succeeds after a retry. This started after a recent configuration change.,High,Application,Customer Portal,Notifications,Business,34.07,Chat,L2-Application,Yes,2026-08-23T01:53:50.058850+00:00
1186,Replication is lagging,connections remain open after requests finish. The support team has attached the latest logs.,Low,Database,Data Services,Replication,Business,29.1,Email,L3-Database,Yes,2026-09-02T22:59:57.087510+00:00
1187,Backup job failed overnight,the issue is affecting reporting and analytics. The customer has already tried restarting the service.,Medium,Database,Data Services,Replication,Enterprise,11.53,Chat,L3-Database,Yes,2026-08-29T05:47:51.703568+00:00
1188,Search results fail to load,logs contain repeated server errors. The customer has already tried restarting the service.,High,Application,Customer Portal,Authentication,Business,24.36,Email,L2-Application,Yes,2026-09-11T19:41:07.774980+00:00
1189,Search results fail to load,the application worked yesterday but now fails for multiple users. The issue is currently affecting several users.,Low,Application,Customer Portal,Search,Enterprise,4.08,Chat,L2-Application,No,2026-09-09T06:00:36.399743+00:00
1190,API requests return HTTP 500,the same request succeeds after a retry. The issue is currently affecting several users.,Medium,Application,Customer Portal,API,Enterprise,21.43,Portal,L2-Application,Yes,2026-09-18T11:50:51.406318+00:00
1191,Database connection pool is exhausted,transactions are waiting longer than expected. This started after a recent configuration change.,Low,Database,Data Services,Replication,Standard,7.82,Email,L3-Database,No,2026-09-08T03:47:40.560695+00:00
1192,Password reset link is invalid,login works for other accounts but not this user. The issue is currently affecting several users.,Medium,Access,Identity,MFA,Standard,26.8,Chat,Security,Yes,2026-09-09T15:55:40.913653+00:00
1193,External monitor is not detected,a replacement may be required if troubleshooting fails. The customer has already tried restarting the service.,Medium,Hardware,Workplace IT,Keyboard,Business,12.39,Jira,L1-Hardware,Yes,2026-09-03T02:08:22.467701+00:00
1194,API requests return HTTP 500,the same request succeeds after a retry. The customer has already tried restarting the service.,Medium,Application,Customer Portal,API,Standard,1.97,Jira,L2-Application,No,2026-08-23T03:42:46.317899+00:00
1195,Keyboard stops responding,the device worked earlier in the day. The issue is currently affecting several users.,Medium,Hardware,Workplace IT,Keyboard,Business,13.48,Portal,L1-Hardware,Yes,2026-09-13T22:06:14.790466+00:00
1196,SSO login returns access denied,the user receives an access denied response. The problem is reproducible from the production environment.,Low,Access,Identity,SSO,Enterprise,24.75,Portal,Security,Yes,2026-09-17T07:54:34.765883+00:00
1197,External monitor is not detected,the peripheral is intermittently unavailable. This started after a recent configuration change.,Medium,Hardware,Workplace IT,Keyboard,Standard,5.61,Email,L1-Hardware,No,2026-09-01T11:23:41.662761+00:00
1198,API requests return HTTP 500,logs contain repeated server errors. The problem is reproducible from the production environment.,High,Application,Customer Portal,Notifications,Enterprise,1.41,Chat,L2-Application,Yes,2026-09-19T20:09:47.737738+00:00
1199,SSO login returns access denied,the user receives an access denied response. The support team has attached the latest logs.,Medium,Access,Identity,SSO,Business,17.75,Jira,Security,Yes,2026-09-05T10:52:08.373168+00:00
1200,API requests return HTTP 500,the same request succeeds after a retry. The issue is currently affecting several users.,High,Application,Customer Portal,API,Standard,16.88,Chat,L2-Application,Yes,2026-09-16T08:53:12.621913+00:00
1201,Firewall blocks application traffic,users cannot stay connected to the corporate network. This started after a recent configuration change.,Medium,Network,Platform,WiFi,Business,2.32,Portal,L2-Network,No,2026-09-05T03:47:53.479179+00:00
1202,DNS resolution failing for internal service,packets appear to be dropped intermittently. The issue is currently affecting several users.,Medium,Network,Platform,Load Balancer,Enterprise,8.96,Chat,L2-Network,No,2026-09-09T18:19:05.746918+00:00
1203,Checkout returns an error,the UI shows an unexpected error message. This started after a recent configuration change.,Medium,Application,Customer Portal,Checkout,Standard,14.3,Portal,L2-Application,Yes,2026-08-26T18:16:43.026962+00:00
1204,Notification jobs are delayed,the application worked yesterday but now fails for multiple users. The customer has already tried restarting the service.,Medium,Application,Customer Portal,Notifications,Enterprise,9.59,Portal,L2-Application,Yes,2026-09-10T11:31:40.442330+00:00
1205,Keyboard stops responding,a replacement may be required if troubleshooting fails. This started after a recent configuration change.,Medium,Hardware,Workplace IT,Laptop,Standard,22.6,Email,L1-Hardware,Yes,2026-08-25T07:54:42.052681+00:00
1206,Database queries are timing out,transactions are waiting longer than expected. This started after a recent configuration change.,Medium,Database,Data Services,Replication,Enterprise,30.11,Portal,L3-Database,Yes,2026-08-27T13:38:56.271409+00:00
1207,MFA challenge is failing,the user receives an access denied response. The customer has already tried restarting the service.,Low,Access,Identity,IAM,Standard,32.81,Jira,Security,Yes,2026-09-09T11:23:47.604217+00:00
1208,Intermittent network connectivity,users cannot stay connected to the corporate network. The problem is reproducible from the production environment.,Low,Network,Platform,VPN,Enterprise,16.82,Jira,L2-Network,No,2026-08-22T15:03:19.368622+00:00
1209,DNS resolution failing for internal service,the service becomes unreachable every few minutes. The problem is reproducible from the production environment.,Medium,Network,Platform,Load Balancer,Standard,26.15,Jira,L2-Network,Yes,2026-09-08T20:35:20.646060+00:00
1210,Replication is lagging,the scheduled backup did not complete successfully. The customer has already tried restarting the service.,Medium,Database,Data Services,Backup,Business,7.95,Jira,L3-Database,No,2026-08-28T11:08:53.055286+00:00
1211,Laptop will not power on,the device worked earlier in the day. This started after a recent configuration change.,High,Hardware,Workplace IT,Monitor,Standard,25.5,Chat,L1-Hardware,Yes,2026-09-07T18:41:39.322216+00:00
1212,Load balancer health checks failing,users cannot stay connected to the corporate network. The support team has attached the latest logs.,Low,Network,Platform,DNS,Standard,12.42,Email,L2-Network,No,2026-09-16T11:51:19.371899+00:00
1213,Notification jobs are delayed,the application worked yesterday but now fails for multiple users. The issue is currently affecting several users.,Low,Application,Customer Portal,Authentication,Standard,8.37,Portal,L2-Application,No,2026-08-22T08:17:24.428478+00:00
1214,Checkout returns an error,the same request succeeds after a retry. The customer has already tried restarting the service.,Low,Application,Customer Portal,Search,Standard,15.24,Portal,L2-Application,Yes,2026-09-05T11:15:35.510384+00:00
1215,Firewall blocks application traffic,requests time out from the office network. The support team has attached the latest logs.,Low,Network,Platform,DNS,Business,24.03,Jira,L2-Network,Yes,2026-09-16T16:09:44.560582+00:00
1216,Password reset link is invalid,the account may have incorrect permissions. The customer has already tried restarting the service.,Medium,Access,Identity,IAM,Business,4.17,Chat,Security,Yes,2026-09-17T21:44:29.793326+00:00
1217,VPN connection drops repeatedly,connections fail after authentication. The problem is reproducible from the production environment.,Low,Network,Platform,Load Balancer,Enterprise,10.22,Jira,L2-Network,No,2026-09-10T10:10:37.019358+00:00
1218,Backup job failed overnight,the issue is affecting reporting and analytics. The support team has attached the latest logs.,High,Database,Data Services,Query Engine,Business,15.73,Chat,L3-Database,Yes,2026-08-22T15:36:38.100699+00:00
1219,Intermittent network connectivity,the service becomes unreachable every few minutes. The problem is reproducible from the production environment.,Medium,Network,Platform,VPN,Enterprise,30.33,Jira,L2-Network,Yes,2026-09-07T21:53:14.925095+00:00
1220,Docking station disconnects,restarting the device did not resolve the problem. The problem is reproducible from the production environment.,Medium,Hardware,Workplace IT,Printer,Business,22.13,Email,L1-Hardware,Yes,2026-09-10T22:53:52.063916+00:00
1221,Replication is lagging,connections remain open after requests finish. The issue is currently affecting several users.,Low,Database,Data Services,MySQL,Standard,7.96,Email,L3-Database,No,2026-08-29T15:56:38.087046+00:00
1222,Reports are running much slower,replica data is several minutes behind primary. This started after a recent configuration change.,High,Database,Data Services,Query Engine,Standard,7.46,Jira,L3-Database,Yes,2026-09-16T12:49:03.823428+00:00
1223,Laptop will not power on,a replacement may be required if troubleshooting fails. The issue is currently affecting several users.,Medium,Hardware,Workplace IT,Dock,Business,19.22,Portal,L1-Hardware,Yes,2026-09-05T06:37:34.673548+00:00
1224,Laptop will not power on,the peripheral is intermittently unavailable. The issue is currently affecting several users.,High,Hardware,Workplace IT,Printer,Standard,13.94,Portal,L1-General,Yes,2026-09-12T19:56:26.461959+00:00
1225,Unexpected permission change detected,the authentication flow stops before completion. The issue is currently affecting several users.,High,Access,Identity,IAM,Standard,29.61,Jira,L1-General,Yes,2026-08-28T13:18:06.818641+00:00
1226,Load balancer health checks failing,connections fail after authentication. The issue is currently affecting several users.,High,Network,Platform,Firewall,Enterprise,4.69,Email,L1-Hardware,Yes,2026-08-25T17:09:39.484392+00:00
1227,Database queries are timing out,connections remain open after requests finish. The customer has already tried restarting the service.,Medium,Database,Data Services,Backup,Enterprise,5.59,Jira,L3-Database,Yes,2026-08-28T02:07:38.157790+00:00
1228,Printer is unavailable,the issue affects a single employee workstation. The problem is reproducible from the production environment.,Low,Hardware,Workplace IT,Dock,Standard,32.03,Portal,L1-Hardware,Yes,2026-08-29T05:39:23.738665+00:00
1229,External monitor is not detected,a replacement may be required if troubleshooting fails. The issue is currently affecting several users.,Medium,Hardware,Workplace IT,Dock,Standard,22.22,Chat,L1-Hardware,Yes,2026-09-02T18:17:36.623384+00:00
1230,Docking station disconnects,a replacement may be required if troubleshooting fails. The customer has already tried restarting the service.,High,Hardware,Workplace IT,Laptop,Standard,6.31,Chat,L1-Hardware,No,2026-08-30T22:57:30.691510+00:00
1231,Firewall blocks application traffic,connections fail after authentication. The customer has already tried restarting the service.,High,Network,Platform,Firewall,Business,8.83,Portal,L2-Network,No,2026-09-17T00:16:10.263326+00:00
1232,Printer is unavailable,the peripheral is intermittently unavailable. The problem is reproducible from the production environment.,Low,Hardware,Workplace IT,Laptop,Standard,23.22,Portal,L1-Hardware,No,2026-08-22T12:16:35.401513+00:00
1233,Docking station disconnects,a replacement may be required if troubleshooting fails. The customer has already tried restarting the service.,Medium,Hardware,Workplace IT,Printer,Standard,21.95,Portal,L1-Hardware,No,2026-08-30T09:08:56.197944+00:00
1234,VPN connection drops repeatedly,packets appear to be dropped intermittently. The support team has attached the latest logs.,High,Network,Platform,Firewall,Business,2.66,Chat,L2-Network,No,2026-09-03T16:15:06.463324+00:00
1235,Backup job failed overnight,replica data is several minutes behind primary. The customer has already tried restarting the service.,High,Database,Data Services,Query Engine,Enterprise,10.17,Portal,L3-Database,Yes,2026-09-13T22:36:17.243165+00:00
1236,External monitor is not detected,restarting the device did not resolve the problem. The issue is currently affecting several users.,High,Hardware,Workplace IT,Laptop,Standard,25.36,Portal,L1-Hardware,Yes,2026-09-08T15:40:38.966417+00:00
1237,Load balancer health checks failing,requests time out from the office network. The issue is currently affecting several users.,Low,Network,Platform,DNS,Business,27.56,Chat,L2-Network,Yes,2026-08-26T10:56:31.096365+00:00
1238,Replication is lagging,replica data is several minutes behind primary. The problem is reproducible from the production environment.,Medium,Database,Data Services,MySQL,Enterprise,24.67,Chat,L3-Database,Yes,2026-09-10T19:13:50.872730+00:00
1239,VPN connection drops repeatedly,requests time out from the office network. This started after a recent configuration change.,Low,Network,Platform,DNS,Enterprise,0.54,Portal,L2-Network,No,2026-09-15T17:06:08.333606+00:00
1240,Printer is unavailable,restarting the device did not resolve the problem. The customer has already tried restarting the service.,Medium,Hardware,Workplace IT,Keyboard,Standard,20.13,Jira,L1-Hardware,Yes,2026-08-31T16:37:29.041498+00:00
1241,Application page shows a blank screen,the application worked yesterday but now fails for multiple users. The issue is currently affecting several users.,Low,Application,Customer Portal,Authentication,Standard,20.49,Portal,L2-Network,No,2026-08-21T14:00:04.568692+00:00
1242,User cannot access internal application,login works for other accounts but not this user. The issue is currently affecting several users.,Medium,Access,Identity,IAM,Standard,9.07,Email,Security,No,2026-09-07T02:29:42.583257+00:00
1243,Keyboard stops responding,the peripheral is intermittently unavailable. The support team has attached the latest logs.,Low,Hardware,Workplace IT,Monitor,Business,10.44,Email,L1-Hardware,No,2026-09-04T04:45:38.601053+00:00
1244,API requests return HTTP 500,customers are unable to complete the workflow. The customer has already tried restarting the service.,High,Application,Customer Portal,Checkout,Standard,32.04,Jira,L2-Application,Yes,2026-08-23T03:05:41.801943+00:00
1245,Load balancer health checks failing,packets appear to be dropped intermittently. This started after a recent configuration change.,Medium,Network,Platform,Firewall,Standard,15.35,Portal,L2-Network,No,2026-09-16T02:27:38.866383+00:00
1246,SSO login returns access denied,login works for other accounts but not this user. The support team has attached the latest logs.,Medium,Access,Identity,Password Reset,Business,18.59,Portal,Security,Yes,2026-08-28T01:18:23.012095+00:00
1247,API requests return HTTP 500,customers are unable to complete the workflow. This started after a recent configuration change.,Medium,Application,Customer Portal,Authentication,Business,27.7,Jira,L2-Application,Yes,2026-08-29T08:18:47.434586+00:00
1248,Notification jobs are delayed,the application worked yesterday but now fails for multiple users. This started after a recent configuration change.,Low,Application,Customer Portal,Authentication,Standard,20.95,Chat,L2-Application,No,2026-09-19T12:11:34.621406+00:00
1249,Application page shows a blank screen,the UI shows an unexpected error message. The customer has already tried restarting the service.,High,Application,Customer Portal,Notifications,Enterprise,20.2,Jira,L2-Application,Yes,2026-08-29T16:42:45.446677+00:00
1250,Replication is lagging,the issue is affecting reporting and analytics. The support team has attached the latest logs.,High,Database,Data Services,Replication,Standard,31.17,Chat,L3-Database,Yes,2026-09-19T13:53:10.848439+00:00
1251,Password reset link is invalid,the user receives an access denied response. The problem is reproducible from the production environment.,Low,Access,Identity,SSO,Enterprise,24.9,Jira,Security,Yes,2026-09-04T22:36:30.696431+00:00
1252,API requests return HTTP 500,the application worked yesterday but now fails for multiple users. This started after a recent configuration change.,Medium,Application,Customer Portal,Notifications,Standard,12.48,Jira,L2-Application,Yes,2026-08-29T13:40:08.013557+00:00
1253,External monitor is not detected,a replacement may be required if troubleshooting fails. The issue is currently affecting several users.,High,Hardware,Workplace IT,Keyboard,Standard,11.29,Email,L1-Hardware,Yes,2026-08-22T07:20:23.984487+00:00
1254,VPN connection drops repeatedly,users cannot stay connected to the corporate network. The support team has attached the latest logs.,High,Network,Platform,VPN,Standard,21.1,Chat,L2-Network,Yes,2026-09-09T06:54:55.119746+00:00
1255,MFA challenge is failing,the event should be reviewed for security impact. The problem is reproducible from the production environment.,Low,Access,Identity,Permissions,Standard,9.62,Jira,Security,No,2026-09-17T10:04:32.593429+00:00
1256,User cannot access internal application,login works for other accounts but not this user. The issue is currently affecting several users.,High,Access,Identity,SSO,Enterprise,32.26,Jira,Security,Yes,2026-09-01T05:57:54.871767+00:00
1257,External monitor is not detected,restarting the device did not resolve the problem. The issue is currently affecting several users.,Medium,Hardware,Workplace IT,Laptop,Enterprise,11.75,Chat,L1-Hardware,Yes,2026-09-10T18:25:24.596766+00:00
1258,Password reset link is invalid,the authentication flow stops before completion. The issue is currently affecting several users.,Medium,Access,Identity,MFA,Standard,32.08,Chat,Security,Yes,2026-09-04T09:37:54.723034+00:00
1259,Intermittent network connectivity,the service becomes unreachable every few minutes. The problem is reproducible from the production environment.,High,Network,Platform,DNS,Enterprise,14.83,Email,L2-Network,Yes,2026-09-06T20:59:21.305710+00:00
1260,SSO login returns access denied,the authentication flow stops before completion. The customer has already tried restarting the service.,Medium,Access,Identity,IAM,Standard,1.48,Email,L1-General,No,2026-09-08T03:53:42.046746+00:00
1261,Firewall blocks application traffic,packets appear to be dropped intermittently. The support team has attached the latest logs.,High,Network,Platform,DNS,Enterprise,7.68,Chat,L1-Hardware,Yes,2026-09-13T01:26:42.512368+00:00
1262,Database connection pool is exhausted,connections remain open after requests finish. The customer has already tried restarting the service.,Low,Database,Data Services,Query Engine,Enterprise,9.51,Jira,L3-Database,No,2026-09-08T03:10:56.357516+00:00
1263,VPN connection drops repeatedly,packets appear to be dropped intermittently. This started after a recent configuration change.,High,Network,Platform,VPN,Enterprise,8.48,Email,L2-Network,Yes,2026-09-15T12:56:58.928447+00:00
1264,Load balancer health checks failing,connections fail after authentication. The support team has attached the latest logs.,Medium,Network,Platform,Load Balancer,Standard,12.21,Email,L2-Network,Yes,2026-09-18T17:26:30.614556+00:00
1265,VPN connection drops repeatedly,users cannot stay connected to the corporate network. The problem is reproducible from the production environment.,Medium,Network,Platform,VPN,Enterprise,34.22,Portal,L2-Network,Yes,2026-09-04T01:07:05.064655+00:00
1266,Notification jobs are delayed,the application worked yesterday but now fails for multiple users. This started after a recent configuration change.,Medium,Application,Customer Portal,Authentication,Business,28.98,Chat,L2-Application,Yes,2026-09-09T10:31:58.651726+00:00
1267,Keyboard stops responding,the issue affects a single employee workstation. The issue is currently affecting several users.,Medium,Hardware,Workplace IT,Laptop,Enterprise,13.19,Jira,L1-Hardware,No,2026-09-13T17:23:17.758000+00:00
1268,Checkout returns an error,the UI shows an unexpected error message. The customer has already tried restarting the service.,High,Application,Customer Portal,Checkout,Business,33.68,Jira,L2-Application,Yes,2026-08-29T12:52:20.577387+00:00
1269,Printer is unavailable,restarting the device did not resolve the problem. The problem is reproducible from the production environment.,Medium,Hardware,Workplace IT,Laptop,Business,31.3,Portal,L1-Hardware,Yes,2026-09-01T10:08:28.920548+00:00
1270,Password reset link is invalid,the account may have incorrect permissions. The support team has attached the latest logs.,Low,Access,Identity,Password Reset,Standard,27.05,Jira,Security,Yes,2026-08-23T01:45:59.014097+00:00
1271,External monitor is not detected,the peripheral is intermittently unavailable. The support team has attached the latest logs.,Medium,Hardware,Workplace IT,Laptop,Standard,32.47,Portal,L1-Hardware,Yes,2026-09-05T03:38:34.969858+00:00
1272,Password reset link is invalid,the authentication flow stops before completion. The issue is currently affecting several users.,Low,Access,Identity,IAM,Standard,7.89,Portal,Security,No,2026-08-28T20:37:19.240790+00:00
1273,API requests return HTTP 500,the UI shows an unexpected error message. The support team has attached the latest logs.,Medium,Application,Customer Portal,API,Standard,25.53,Jira,L2-Application,Yes,2026-09-07T10:34:18.053312+00:00
1274,Checkout returns an error,logs contain repeated server errors. This started after a recent configuration change.,High,Application,Customer Portal,Search,Business,26.88,Portal,L2-Application,Yes,2026-08-27T18:00:36.477328+00:00
1275,Docking station disconnects,the peripheral is intermittently unavailable. The issue is currently affecting several users.,Medium,Hardware,Workplace IT,Dock,Business,21.83,Portal,L1-Hardware,Yes,2026-09-18T03:25:21.773484+00:00
1276,Notification jobs are delayed,the application worked yesterday but now fails for multiple users. This started after a recent configuration change.,High,Application,Customer Portal,Search,Standard,19.76,Chat,L2-Application,Yes,2026-09-20T06:54:13.383763+00:00
1277,Keyboard stops responding,the issue affects a single employee workstation. The issue is currently affecting several users.,Medium,Hardware,Workplace IT,Monitor,Standard,3.44,Portal,L1-Hardware,No,2026-09-13T03:38:45.732115+00:00
1278,Database queries are timing out,the issue is affecting reporting and analytics. The support team has attached the latest logs.,Medium,Database,Data Services,Backup,Standard,18.71,Jira,L3-Database,Yes,2026-09-16T13:34:38.881807+00:00
1279,Notification jobs are delayed,the same request succeeds after a retry. The issue is currently affecting several users.,Low,Application,Customer Portal,Checkout,Business,10.38,Chat,L2-Application,No,2026-09-19T05:56:59.330963+00:00
1280,Load balancer health checks failing,requests time out from the office network. The problem is reproducible from the production environment.,Medium,Network,Platform,VPN,Standard,8.31,Email,L2-Network,No,2026-09-09T17:30:24.755774+00:00
1281,Docking station disconnects,a replacement may be required if troubleshooting fails. The issue is currently affecting several users.,Low,Hardware,Workplace IT,Laptop,Standard,0.63,Email,L1-Hardware,No,2026-08-27T04:25:01.160661+00:00
1282,Firewall blocks application traffic,packets appear to be dropped intermittently. The customer has already tried restarting the service.,High,Network,Platform,Firewall,Enterprise,34.94,Chat,L2-Network,Yes,2026-09-14T15:07:41.556491+00:00
1283,Replication is lagging,connections remain open after requests finish. The issue is currently affecting several users.,High,Database,Data Services,Replication,Business,19.43,Chat,L3-Database,Yes,2026-09-05T05:33:30.115081+00:00
1284,Laptop will not power on,a replacement may be required if troubleshooting fails. The problem is reproducible from the production environment.,Low,Hardware,Workplace IT,Printer,Business,22.82,Email,L1-Hardware,Yes,2026-09-15T10:01:40.061723+00:00
1285,DNS resolution failing for internal service,packets appear to be dropped intermittently. The support team has attached the latest logs.,High,Network,Platform,WiFi,Enterprise,3.3,Jira,L2-Network,Yes,2026-09-01T06:41:25.418001+00:00
1286,User cannot access internal application,the event should be reviewed for security impact. The issue is currently affecting several users.,Low,Access,Identity,IAM,Business,20.36,Email,Security,Yes,2026-09-17T06:21:16.620271+00:00
1287,Notification jobs are delayed,the application worked yesterday but now fails for multiple users. This started after a recent configuration change.,High,Application,Customer Portal,API,Enterprise,31.43,Portal,L2-Application,Yes,2026-09-03T01:15:29.528007+00:00
1288,Notification jobs are delayed,logs contain repeated server errors. This started after a recent configuration change.,High,Application,Customer Portal,API,Enterprise,28.37,Email,L2-Application,Yes,2026-09-06T10:50:52.330935+00:00
1289,Application page shows a blank screen,customers are unable to complete the workflow. The customer has already tried restarting the service.,High,Application,Customer Portal,API,Business,26.12,Jira,L2-Application,Yes,2026-08-25T21:44:39.204716+00:00
1290,Application page shows a blank screen,the UI shows an unexpected error message. The problem is reproducible from the production environment.,Low,Application,Customer Portal,Checkout,Standard,0.23,Chat,L2-Application,No,2026-09-18T09:42:16.799611+00:00
1291,Keyboard stops responding,a replacement may be required if troubleshooting fails. This started after a recent configuration change.,Low,Hardware,Workplace IT,Dock,Business,15.06,Chat,L1-Hardware,No,2026-08-24T08:13:05.482522+00:00
1292,Unexpected permission change detected,the event should be reviewed for security impact. The problem is reproducible from the production environment.,High,Access,Identity,SSO,Business,27.64,Email,Security,Yes,2026-09-19T08:12:06.806313+00:00
1293,Notification jobs are delayed,the application worked yesterday but now fails for multiple users. The problem is reproducible from the production environment.,Low,Application,Customer Portal,Notifications,Standard,26.46,Portal,L2-Application,Yes,2026-08-25T04:57:15.514696+00:00
1294,Laptop will not power on,the device worked earlier in the day. The issue is currently affecting several users.,Medium,Hardware,Workplace IT,Printer,Standard,31.92,Jira,L1-Hardware,Yes,2026-09-04T13:18:28.400514+00:00
1295,Replication is lagging,the scheduled backup did not complete successfully. The customer has already tried restarting the service.,Medium,Database,Data Services,MySQL,Business,23.57,Portal,L3-Database,Yes,2026-09-11T17:40:52.199257+00:00
1296,Load balancer health checks failing,packets appear to be dropped intermittently. The issue is currently affecting several users.,Medium,Network,Platform,Firewall,Enterprise,34.57,Chat,L2-Network,Yes,2026-09-05T08:48:19.139168+00:00
1297,SSO login returns access denied,login works for other accounts but not this user. The issue is currently affecting several users.,Low,Access,Identity,IAM,Enterprise,32.46,Jira,Security,Yes,2026-08-22T16:15:46.707484+00:00
1298,Printer is unavailable,the device worked earlier in the day. The support team has attached the latest logs.,Medium,Hardware,Workplace IT,Monitor,Standard,1.39,Email,L1-General,No,2026-09-14T17:05:05.794421+00:00
1299,Application page shows a blank screen,the UI shows an unexpected error message. This started after a recent configuration change.,High,Application,Customer Portal,Checkout,Business,10.01,Chat,L2-Application,Yes,2026-09-19T12:59:02.302319+00:00
1300,SSO login returns access denied,the authentication flow stops before completion. The issue is currently affecting several users.,Low,Access,Identity,SSO,Business,25.02,Portal,Security,Yes,2026-09-05T14:36:58.869103+00:00
1301,Replication is lagging,the scheduled backup did not complete successfully. The problem is reproducible from the production environment.,High,Database,Data Services,Query Engine,Business,14.1,Chat,L3-Database,Yes,2026-08-24T18:45:16.394932+00:00
1302,API requests return HTTP 500,the application worked yesterday but now fails for multiple users. The support team has attached the latest logs.,Medium,Application,Customer Portal,Search,Standard,10.19,Chat,L2-Application,No,2026-09-09T08:15:32.204216+00:00
1303,VPN connection drops repeatedly,users cannot stay connected to the corporate network. The issue is currently affecting several users.,High,Network,Platform,WiFi,Standard,14.61,Chat,L2-Network,Yes,2026-09-12T05:20:15.686455+00:00
1304,Backup job failed overnight,transactions are waiting longer than expected. The customer has already tried restarting the service.,Low,Database,Data Services,MySQL,Business,1.6,Portal,L3-Database,No,2026-09-02T18:38:02.973705+00:00
1305,External monitor is not detected,restarting the device did not resolve the problem. The customer has already tried restarting the service.,Medium,Hardware,Workplace IT,Dock,Enterprise,14.63,Jira,L1-Hardware,Yes,2026-09-14T09:35:36.033553+00:00
1306,API requests return HTTP 500,the same request succeeds after a retry. The customer has already tried restarting the service.,Low,Application,Customer Portal,Search,Standard,21.92,Email,L2-Application,Yes,2026-09-07T04:13:57.804136+00:00
1307,Search results fail to load,customers are unable to complete the workflow. The customer has already tried restarting the service.,Low,Application,Customer Portal,Authentication,Enterprise,15.49,Portal,L2-Network,Yes,2026-08-23T09:11:11.839329+00:00
1308,VPN connection drops repeatedly,users cannot stay connected to the corporate network. This started after a recent configuration change.,Medium,Network,Platform,Load Balancer,Business,35.4,Portal,L2-Network,Yes,2026-08-24T05:14:19.537559+00:00
1309,Application page shows a blank screen,the application worked yesterday but now fails for multiple users. The support team has attached the latest logs.,Low,Application,Customer Portal,Authentication,Business,20.56,Chat,L2-Application,No,2026-09-10T11:34:51.709127+00:00
1310,VPN connection drops repeatedly,packets appear to be dropped intermittently. The issue is currently affecting several users.,High,Network,Platform,Firewall,Enterprise,9.32,Email,L2-Network,Yes,2026-08-23T04:52:16.588479+00:00
1311,Notification jobs are delayed,the UI shows an unexpected error message. This started after a recent configuration change.,Low,Application,Customer Portal,Checkout,Business,7.57,Email,L2-Application,No,2026-08-30T08:38:55.203379+00:00
1312,Printer is unavailable,the device worked earlier in the day. The problem is reproducible from the production environment.,High,Hardware,Workplace IT,Keyboard,Business,31.13,Chat,L1-Hardware,Yes,2026-08-21T19:18:00.510064+00:00
1313,Intermittent network connectivity,connections fail after authentication. The issue is currently affecting several users.,Low,Network,Platform,Load Balancer,Enterprise,15.26,Jira,L2-Network,No,2026-09-14T05:12:50.850288+00:00
1314,Printer is unavailable,restarting the device did not resolve the problem. This started after a recent configuration change.,High,Hardware,Workplace IT,Monitor,Standard,25.99,Jira,L1-Hardware,Yes,2026-08-30T21:08:03.368090+00:00
1315,Docking station disconnects,the peripheral is intermittently unavailable. The support team has attached the latest logs.,Low,Hardware,Workplace IT,Printer,Business,2.64,Chat,L1-Hardware,No,2026-09-13T13:42:40.752713+00:00
1316,Checkout returns an error,the application worked yesterday but now fails for multiple users. The problem is reproducible from the production environment.,High,Application,Customer Portal,Authentication,Business,22.94,Jira,L2-Application,Yes,2026-08-26T09:38:29.836760+00:00
1317,Checkout returns an error,logs contain repeated server errors. The issue is currently affecting several users.,High,Application,Customer Portal,Checkout,Enterprise,12.95,Portal,L2-Application,Yes,2026-09-19T09:19:11.370693+00:00
1318,VPN connection drops repeatedly,connections fail after authentication. The problem is reproducible from the production environment.,High,Network,Platform,Firewall,Standard,5.51,Jira,L2-Network,No,2026-09-06T18:50:12.280369+00:00
1319,Replication is lagging,connections remain open after requests finish. The customer has already tried restarting the service.,Medium,Database,Data Services,Replication,Business,31.96,Jira,L3-Database,Yes,2026-09-19T08:48:28.185269+00:00
1320,SSO login returns access denied,the event should be reviewed for security impact. The customer has already tried restarting the service.,Medium,Access,Identity,IAM,Standard,28.07,Chat,Security,Yes,2026-08-28T19:25:36.727694+00:00
1321,Notification jobs are delayed,logs contain repeated server errors. The support team has attached the latest logs.,Low,Application,Customer Portal,Search,Standard,33.16,Email,L2-Application,Yes,2026-09-11T18:02:14.216941+00:00
1322,Laptop will not power on,restarting the device did not resolve the problem. This started after a recent configuration change.,Low,Hardware,Workplace IT,Printer,Business,9.94,Jira,L1-Hardware,No,2026-08-22T12:30:51.133769+00:00
1323,DNS resolution failing for internal service,the service becomes unreachable every few minutes. This started after a recent configuration change.,Medium,Network,Platform,Load Balancer,Business,35.62,Email,L2-Application,Yes,2026-09-14T11:34:28.365021+00:00
1324,VPN connection drops repeatedly,requests time out from the office network. The support team has attached the latest logs.,Medium,Network,Platform,DNS,Business,12.67,Jira,L2-Network,No,2026-09-19T20:18:08.655374+00:00
1325,Laptop will not power on,restarting the device did not resolve the problem. This started after a recent configuration change.,Low,Hardware,Workplace IT,Keyboard,Enterprise,14.75,Jira,L1-General,No,2026-09-07T05:48:22.919999+00:00
1326,Printer is unavailable,the issue affects a single employee workstation. The issue is currently affecting several users.,Medium,Hardware,Workplace IT,Laptop,Business,4.42,Jira,L1-Hardware,No,2026-09-06T23:29:45.534244+00:00
1327,Keyboard stops responding,the device worked earlier in the day. This started after a recent configuration change.,Medium,Hardware,Workplace IT,Dock,Standard,15.54,Portal,L1-Hardware,No,2026-09-10T13:19:41.488790+00:00
1328,Laptop will not power on,a replacement may be required if troubleshooting fails. The problem is reproducible from the production environment.,Medium,Hardware,Workplace IT,Keyboard,Standard,30.78,Jira,L1-Hardware,Yes,2026-08-27T04:53:45.138915+00:00
1329,Intermittent network connectivity,packets appear to be dropped intermittently. The problem is reproducible from the production environment.,Low,Network,Platform,DNS,Business,6.24,Chat,L2-Application,No,2026-09-14T00:21:00.695365+00:00
1330,Unexpected permission change detected,the account may have incorrect permissions. The problem is reproducible from the production environment.,Medium,Access,Identity,Permissions,Business,21.69,Portal,Security,Yes,2026-09-04T00:43:40.899626+00:00
1331,Database connection pool is exhausted,the scheduled backup did not complete successfully. The problem is reproducible from the production environment.,Low,Database,Data Services,Backup,Standard,16.8,Jira,L3-Database,No,2026-09-11T06:17:13.055226+00:00
1332,Reports are running much slower,connections remain open after requests finish. The issue is currently affecting several users.,High,Database,Data Services,MySQL,Business,15.47,Portal,L3-Database,Yes,2026-09-07T02:35:41.900709+00:00
1333,External monitor is not detected,the peripheral is intermittently unavailable. The support team has attached the latest logs.,Medium,Hardware,Workplace IT,Printer,Business,19.47,Jira,L1-Hardware,Yes,2026-09-12T19:47:28.185155+00:00
1334,Database queries are timing out,transactions are waiting longer than expected. This started after a recent configuration change.,High,Database,Data Services,Backup,Standard,29.43,Email,L3-Database,Yes,2026-09-15T21:07:07.328630+00:00
1335,Load balancer health checks failing,users cannot stay connected to the corporate network. This started after a recent configuration change.,Medium,Network,Platform,Load Balancer,Enterprise,13.62,Chat,L1-Hardware,Yes,2026-08-25T12:04:41.793842+00:00
1336,Database connection pool is exhausted,replica data is several minutes behind primary. The problem is reproducible from the production environment.,High,Database,Data Services,Backup,Enterprise,18.79,Chat,L1-General,Yes,2026-08-24T00:50:28.817652+00:00
1337,User cannot access internal application,login works for other accounts but not this user. The customer has already tried restarting the service.,Medium,Access,Identity,Password Reset,Business,13.26,Portal,L2-Application,Yes,2026-08-21T17:01:34.619439+00:00
1338,Password reset link is invalid,login works for other accounts but not this user. The support team has attached the latest logs.,Low,Access,Identity,IAM,Business,18.6,Portal,L2-Application,Yes,2026-08-27T11:56:57.248164+00:00
1339,Replication is lagging,transactions are waiting longer than expected. The support team has attached the latest logs.,Medium,Database,Data Services,Replication,Enterprise,8.59,Chat,L3-Database,Yes,2026-09-20T03:55:01.488841+00:00
1340,Printer is unavailable,the peripheral is intermittently unavailable. The customer has already tried restarting the service.,High,Hardware,Workplace IT,Keyboard,Business,25.42,Email,L1-Hardware,Yes,2026-09-07T00:45:54.809496+00:00
1341,Backup job failed overnight,connections remain open after requests finish. The issue is currently affecting several users.,Medium,Database,Data Services,Query Engine,Standard,16.87,Email,L3-Database,Yes,2026-09-11T22:34:59.881735+00:00
1342,Search results fail to load,customers are unable to complete the workflow. The support team has attached the latest logs.,Low,Application,Customer Portal,API,Enterprise,8.8,Portal,L2-Application,No,2026-08-30T13:30:11.454167+00:00
1343,Firewall blocks application traffic,requests time out from the office network. This started after a recent configuration change.,Medium,Network,Platform,VPN,Enterprise,8.21,Portal,L2-Network,Yes,2026-09-10T00:12:57.960869+00:00
1344,Intermittent network connectivity,connections fail after authentication. This started after a recent configuration change.,High,Network,Platform,VPN,Standard,29.92,Jira,L2-Network,Yes,2026-08-27T03:53:14.604050+00:00
1345,Backup job failed overnight,transactions are waiting longer than expected. The issue is currently affecting several users.,Medium,Database,Data Services,MySQL,Standard,24.32,Jira,L3-Database,Yes,2026-09-09T12:53:31.289401+00:00
1346,Application page shows a blank screen,logs contain repeated server errors. The customer has already tried restarting the service.,Medium,Application,Customer Portal,Search,Standard,16.73,Jira,L2-Application,No,2026-08-22T01:55:17.980355+00:00
1347,Search results fail to load,logs contain repeated server errors. The customer has already tried restarting the service.,High,Application,Customer Portal,Notifications,Business,4.65,Portal,L2-Application,Yes,2026-09-01T06:23:13.307184+00:00
1348,Intermittent network connectivity,connections fail after authentication. The support team has attached the latest logs.,Low,Network,Platform,DNS,Enterprise,32.97,Chat,L2-Network,Yes,2026-08-31T19:00:34.007472+00:00
1349,External monitor is not detected,the peripheral is intermittently unavailable. This started after a recent configuration change.,High,Hardware,Workplace IT,Dock,Business,12.15,Email,L1-General,Yes,2026-09-16T19:11:51.692691+00:00
1350,MFA challenge is failing,the event should be reviewed for security impact. The issue is currently affecting several users.,Low,Access,Identity,IAM,Enterprise,21.76,Email,Security,Yes,2026-08-29T04:06:07.990388+00:00
1351,Password reset link is invalid,the authentication flow stops before completion. The customer has already tried restarting the service.,Medium,Access,Identity,Password Reset,Standard,21.42,Jira,Security,Yes,2026-09-08T02:49:57.515445+00:00
1352,Load balancer health checks failing,packets appear to be dropped intermittently. The issue is currently affecting several users.,Low,Network,Platform,VPN,Enterprise,18.07,Email,L2-Network,Yes,2026-09-15T05:52:33.335564+00:00
1353,Unexpected permission change detected,login works for other accounts but not this user. This started after a recent configuration change.,Medium,Access,Identity,Permissions,Enterprise,10.81,Portal,L2-Application,Yes,2026-08-22T20:40:28.558106+00:00
1354,Laptop will not power on,restarting the device did not resolve the problem. This started after a recent configuration change.,Low,Hardware,Workplace IT,Keyboard,Enterprise,14.72,Jira,L1-Hardware,No,2026-08-30T05:43:31.212662+00:00
1355,Replication is lagging,connections remain open after requests finish. This started after a recent configuration change.,High,Database,Data Services,PostgreSQL,Business,29.12,Portal,L3-Database,Yes,2026-09-03T05:01:18.832689+00:00
1356,Laptop will not power on,a replacement may be required if troubleshooting fails. The support team has attached the latest logs.,Medium,Hardware,Workplace IT,Laptop,Enterprise,12.09,Email,L1-Hardware,Yes,2026-09-17T23:47:45.219407+00:00
1357,Keyboard stops responding,restarting the device did not resolve the problem. This started after a recent configuration change.,High,Hardware,Workplace IT,Monitor,Standard,13.12,Portal,L1-Hardware,Yes,2026-08-24T16:46:27.339272+00:00
1358,Database connection pool is exhausted,connections remain open after requests finish. The issue is currently affecting several users.,High,Database,Data Services,PostgreSQL,Enterprise,21.14,Jira,L3-Database,Yes,2026-09-08T07:36:58.815717+00:00
1359,Backup job failed overnight,the scheduled backup did not complete successfully. The support team has attached the latest logs.,Medium,Database,Data Services,Replication,Business,16.84,Portal,L3-Database,Yes,2026-08-29T18:22:29.061201+00:00
1360,Load balancer health checks failing,connections fail after authentication. The issue is currently affecting several users.,Medium,Network,Platform,VPN,Business,15.76,Jira,L2-Network,Yes,2026-09-08T18:14:31.328598+00:00
1361,SSO login returns access denied,login works for other accounts but not this user. The issue is currently affecting several users.,Medium,Access,Identity,MFA,Business,27.56,Email,Security,Yes,2026-09-12T00:52:25.185357+00:00
1362,Unexpected permission change detected,login works for other accounts but not this user. This started after a recent configuration change.,Low,Access,Identity,Password Reset,Enterprise,15.63,Jira,Security,Yes,2026-08-31T16:29:22.170484+00:00
1363,Load balancer health checks failing,packets appear to be dropped intermittently. This started after a recent configuration change.,Low,Network,Platform,DNS,Business,1.87,Portal,L2-Network,No,2026-09-18T07:02:14.720270+00:00
1364,Replication is lagging,connections remain open after requests finish. The issue is currently affecting several users.,Medium,Database,Data Services,Query Engine,Standard,35.9,Portal,L3-Database,Yes,2026-09-13T12:19:30.144572+00:00
1365,Printer is unavailable,the device worked earlier in the day. The issue is currently affecting several users.,Medium,Hardware,Workplace IT,Laptop,Standard,33.66,Email,L1-Hardware,Yes,2026-09-08T03:49:52.770678+00:00
1366,Load balancer health checks failing,requests time out from the office network. This started after a recent configuration change.,Medium,Network,Platform,Firewall,Business,13.55,Portal,L2-Network,No,2026-08-24T12:21:18.828792+00:00
1367,Unexpected permission change detected,the user receives an access denied response. The problem is reproducible from the production environment.,Medium,Access,Identity,Permissions,Enterprise,19.24,Email,Security,Yes,2026-09-13T13:18:59.241774+00:00
1368,Intermittent network connectivity,the service becomes unreachable every few minutes. The customer has already tried restarting the service.,Medium,Network,Platform,DNS,Business,33.91,Portal,L2-Network,Yes,2026-09-12T15:17:05.159813+00:00
1369,Database connection pool is exhausted,connections remain open after requests finish. The support team has attached the latest logs.,Low,Database,Data Services,PostgreSQL,Business,5.76,Email,L3-Database,No,2026-09-18T21:39:57.056306+00:00
1370,Database queries are timing out,the issue is affecting reporting and analytics. This started after a recent configuration change.,High,Database,Data Services,PostgreSQL,Business,20.82,Jira,L3-Database,Yes,2026-09-17T01:30:21.004960+00:00
1371,Search results fail to load,logs contain repeated server errors. The problem is reproducible from the production environment.,Medium,Application,Customer Portal,Search,Enterprise,13.82,Jira,L2-Application,Yes,2026-08-26T17:35:50.157799+00:00
1372,Application page shows a blank screen,the application worked yesterday but now fails for multiple users. The issue is currently affecting several users.,Medium,Application,Customer Portal,Notifications,Business,18.29,Email,L1-General,Yes,2026-09-17T12:27:11.435644+00:00
1373,Checkout returns an error,customers are unable to complete the workflow. The issue is currently affecting several users.,Low,Application,Customer Portal,Search,Enterprise,17.05,Email,L2-Application,No,2026-09-15T05:23:51.284066+00:00
1374,User cannot access internal application,the account may have incorrect permissions. The issue is currently affecting several users.,Low,Access,Identity,SSO,Enterprise,35.41,Jira,Security,Yes,2026-09-14T10:30:44.922185+00:00
1375,API requests return HTTP 500,the application worked yesterday but now fails for multiple users. The support team has attached the latest logs.,Low,Application,Customer Portal,API,Business,12.11,Jira,L2-Application,Yes,2026-08-31T00:14:29.880772+00:00
1376,Laptop will not power on,the issue affects a single employee workstation. The issue is currently affecting several users.,Medium,Hardware,Workplace IT,Monitor,Standard,3.89,Email,L1-Hardware,No,2026-08-23T17:09:48.049767+00:00
1377,External monitor is not detected,restarting the device did not resolve the problem. The issue is currently affecting several users.,High,Hardware,Workplace IT,Keyboard,Business,25.85,Chat,L1-Hardware,Yes,2026-09-20T07:11:11.719519+00:00
1378,Replication is lagging,connections remain open after requests finish. The issue is currently affecting several users.,Medium,Database,Data Services,Backup,Enterprise,35.66,Jira,L3-Database,Yes,2026-09-04T13:01:04.008349+00:00
1379,DNS resolution failing for internal service,requests time out from the office network. The problem is reproducible from the production environment.,High,Network,Platform,Firewall,Business,12.28,Jira,L2-Network,Yes,2026-09-11T11:04:14.568780+00:00
1380,Database queries are timing out,transactions are waiting longer than expected. The problem is reproducible from the production environment.,Low,Database,Data Services,PostgreSQL,Standard,16.08,Jira,L3-Database,Yes,2026-09-19T21:04:24.017469+00:00
1381,User cannot access internal application,the account may have incorrect permissions. The issue is currently affecting several users.,Low,Access,Identity,Permissions,Standard,25.51,Chat,Security,Yes,2026-09-13T10:00:44.305067+00:00
1382,User cannot access internal application,the authentication flow stops before completion. The issue is currently affecting several users.,High,Access,Identity,Permissions,Standard,10.57,Email,Security,Yes,2026-08-28T21:43:09.552800+00:00
1383,VPN connection drops repeatedly,the service becomes unreachable every few minutes. The support team has attached the latest logs.,High,Network,Platform,DNS,Standard,3.52,Portal,L2-Network,No,2026-09-07T13:46:10.679182+00:00
1384,User cannot access internal application,the account may have incorrect permissions. The problem is reproducible from the production environment.,Medium,Access,Identity,SSO,Standard,13.29,Chat,Security,No,2026-09-09T17:27:00.766141+00:00
1385,API requests return HTTP 500,the application worked yesterday but now fails for multiple users. The support team has attached the latest logs.,Medium,Application,Customer Portal,API,Business,2.55,Portal,L2-Application,No,2026-08-22T11:41:32.585680+00:00
1386,Replication is lagging,replica data is several minutes behind primary. The issue is currently affecting several users.,Low,Database,Data Services,Replication,Standard,11.41,Chat,L3-Database,No,2026-09-06T21:16:44.245605+00:00
1387,Laptop will not power on,the issue affects a single employee workstation. This started after a recent configuration change.,Medium,Hardware,Workplace IT,Dock,Business,15.65,Email,L1-Hardware,Yes,2026-08-22T11:11:21.343904+00:00
1388,Laptop will not power on,a replacement may be required if troubleshooting fails. This started after a recent configuration change.,Medium,Hardware,Workplace IT,Printer,Standard,28.39,Jira,L1-General,Yes,2026-08-24T22:16:16.573925+00:00
1389,Backup job failed overnight,replica data is several minutes behind primary. The issue is currently affecting several users.,Low,Database,Data Services,Replication,Business,11.18,Jira,L3-Database,No,2026-09-01T02:40:02.866969+00:00
1390,Database connection pool is exhausted,replica data is several minutes behind primary. The customer has already tried restarting the service.,Medium,Database,Data Services,Backup,Business,20.8,Email,L3-Database,Yes,2026-09-17T15:13:13.172034+00:00
1391,SSO login returns access denied,the authentication flow stops before completion. The support team has attached the latest logs.,Low,Access,Identity,Password Reset,Standard,5.29,Email,Security,No,2026-09-09T21:48:21.582349+00:00
1392,Docking station disconnects,restarting the device did not resolve the problem. The customer has already tried restarting the service.,High,Hardware,Workplace IT,Keyboard,Standard,13.85,Portal,L1-Hardware,Yes,2026-08-26T19:58:02.335257+00:00
1393,MFA challenge is failing,the user receives an access denied response. This started after a recent configuration change.,Medium,Access,Identity,SSO,Business,23.44,Chat,Security,Yes,2026-09-12T09:24:10.844335+00:00
1394,VPN connection drops repeatedly,users cannot stay connected to the corporate network. The customer has already tried restarting the service.,Medium,Network,Platform,Firewall,Business,23.33,Chat,L2-Network,Yes,2026-08-27T12:05:51.016914+00:00
1395,Search results fail to load,the UI shows an unexpected error message. The support team has attached the latest logs.,Medium,Application,Customer Portal,Notifications,Business,7.37,Portal,L2-Application,Yes,2026-09-05T04:04:08.604821+00:00
1396,Database connection pool is exhausted,the scheduled backup did not complete successfully. The customer has already tried restarting the service.,Low,Database,Data Services,MySQL,Enterprise,21.29,Email,L3-Database,Yes,2026-09-04T09:10:50.599562+00:00
1397,SSO login returns access denied,the user receives an access denied response. The issue is currently affecting several users.,Medium,Access,Identity,SSO,Standard,24.83,Chat,Security,Yes,2026-08-30T05:07:49.116240+00:00
1398,SSO login returns access denied,login works for other accounts but not this user. This started after a recent configuration change.,High,Access,Identity,Permissions,Enterprise,11.68,Chat,Security,Yes,2026-08-30T20:52:09.074902+00:00
1399,Application page shows a blank screen,the UI shows an unexpected error message. The support team has attached the latest logs.,Low,Application,Customer Portal,Checkout,Standard,13.68,Chat,L2-Application,No,2026-09-08T10:14:33.785895+00:00
1400,Intermittent network connectivity,packets appear to be dropped intermittently. The customer has already tried restarting the service.,Medium,Network,Platform,Firewall,Standard,9.78,Jira,L2-Network,No,2026-08-29T18:47:53.910994+00:00
1401,Password reset link is invalid,the event should be reviewed for security impact. This started after a recent configuration change.,Low,Access,Identity,Password Reset,Standard,2.95,Portal,Security,No,2026-09-02T01:10:42.306307+00:00
1402,Search results fail to load,the same request succeeds after a retry. This started after a recent configuration change.,High,Application,Customer Portal,Notifications,Enterprise,24.16,Chat,L2-Application,Yes,2026-09-07T15:00:22.136603+00:00
1403,Docking station disconnects,the device worked earlier in the day. This started after a recent configuration change.,Medium,Hardware,Workplace IT,Printer,Standard,0.54,Email,L1-Hardware,No,2026-09-14T20:53:10.707138+00:00
1404,API requests return HTTP 500,the same request succeeds after a retry. The issue is currently affecting several users.,Medium,Application,Customer Portal,Notifications,Enterprise,1.13,Jira,L2-Application,No,2026-09-10T13:52:29.593587+00:00
1405,Firewall blocks application traffic,users cannot stay connected to the corporate network. The customer has already tried restarting the service.,High,Network,Platform,VPN,Standard,7.35,Email,L2-Network,Yes,2026-09-02T22:34:11.639565+00:00
1406,Printer is unavailable,a replacement may be required if troubleshooting fails. The customer has already tried restarting the service.,Medium,Hardware,Workplace IT,Monitor,Enterprise,24.87,Email,L1-Hardware,Yes,2026-09-05T01:06:50.270217+00:00
1407,Keyboard stops responding,a replacement may be required if troubleshooting fails. The problem is reproducible from the production environment.,Low,Hardware,Workplace IT,Laptop,Business,28.07,Email,L1-Hardware,Yes,2026-08-25T09:19:18.655368+00:00
1408,Firewall blocks application traffic,the service becomes unreachable every few minutes. This started after a recent configuration change.,High,Network,Platform,DNS,Business,33.38,Jira,L2-Network,Yes,2026-08-23T12:40:09.879539+00:00
1409,API requests return HTTP 500,the application worked yesterday but now fails for multiple users. The issue is currently affecting several users.,Low,Application,Customer Portal,Notifications,Enterprise,1.83,Portal,L2-Application,No,2026-09-15T10:47:54.660739+00:00
1410,Load balancer health checks failing,requests time out from the office network. This started after a recent configuration change.,High,Network,Platform,Firewall,Enterprise,33.29,Jira,L2-Network,Yes,2026-09-05T11:46:24.462397+00:00
1411,VPN connection drops repeatedly,the service becomes unreachable every few minutes. The problem is reproducible from the production environment.,Medium,Network,Platform,Firewall,Enterprise,28.87,Chat,L2-Application,Yes,2026-09-03T22:14:08.120194+00:00
1412,DNS resolution failing for internal service,users cannot stay connected to the corporate network. The support team has attached the latest logs.,Low,Network,Platform,WiFi,Standard,30.83,Portal,L2-Network,Yes,2026-08-21T15:52:32.180721+00:00
1413,Unexpected permission change detected,the account may have incorrect permissions. This started after a recent configuration change.,Medium,Access,Identity,Permissions,Business,19.49,Email,Security,Yes,2026-09-13T01:58:41.724083+00:00
1414,Keyboard stops responding,the peripheral is intermittently unavailable. This started after a recent configuration change.,High,Hardware,Workplace IT,Keyboard,Enterprise,24.87,Chat,L1-Hardware,Yes,2026-08-30T13:19:05.897281+00:00
1415,Replication is lagging,transactions are waiting longer than expected. The problem is reproducible from the production environment.,Medium,Database,Data Services,Query Engine,Standard,10.25,Portal,L1-General,Yes,2026-08-26T16:01:25.027565+00:00
1416,VPN connection drops repeatedly,packets appear to be dropped intermittently. The issue is currently affecting several users.,Medium,Network,Platform,Firewall,Standard,32.52,Email,L2-Network,Yes,2026-09-04T11:05:29.333420+00:00
1417,Docking station disconnects,a replacement may be required if troubleshooting fails. This started after a recent configuration change.,Low,Hardware,Workplace IT,Keyboard,Business,6.39,Jira,L1-Hardware,No,2026-09-05T16:03:24.543951+00:00
1418,Keyboard stops responding,the device worked earlier in the day. The customer has already tried restarting the service.,Medium,Hardware,Workplace IT,Printer,Standard,33.35,Portal,L1-Hardware,Yes,2026-08-25T03:37:36.441963+00:00
1419,Reports are running much slower,the issue is affecting reporting and analytics. The issue is currently affecting several users.,High,Database,Data Services,PostgreSQL,Standard,20.39,Jira,L3-Database,Yes,2026-08-27T06:04:36.026039+00:00
1420,Docking station disconnects,restarting the device did not resolve the problem. This started after a recent configuration change.,Medium,Hardware,Workplace IT,Printer,Standard,11.53,Email,L1-Hardware,Yes,2026-09-15T02:01:31.302914+00:00
1421,Search results fail to load,logs contain repeated server errors. The problem is reproducible from the production environment.,Low,Application,Customer Portal,Authentication,Standard,1.43,Email,L1-General,No,2026-09-09T08:32:50.960059+00:00
1422,MFA challenge is failing,the account may have incorrect permissions. The issue is currently affecting several users.,Low,Access,Identity,Password Reset,Business,11.86,Jira,Security,Yes,2026-09-12T00:32:05.157311+00:00
1423,MFA challenge is failing,the event should be reviewed for security impact. The problem is reproducible from the production environment.,Medium,Access,Identity,SSO,Enterprise,28.16,Portal,Security,Yes,2026-09-03T22:32:10.215485+00:00
1424,Printer is unavailable,a replacement may be required if troubleshooting fails. The support team has attached the latest logs.,Medium,Hardware,Workplace IT,Keyboard,Enterprise,3.28,Chat,L1-Hardware,No,2026-08-25T02:51:19.775418+00:00
1425,Checkout returns an error,customers are unable to complete the workflow. The support team has attached the latest logs.,Low,Application,Customer Portal,Checkout,Business,6.74,Jira,L2-Application,No,2026-08-31T14:29:32.900015+00:00
1426,Replication is lagging,transactions are waiting longer than expected. The customer has already tried restarting the service.,High,Database,Data Services,Replication,Business,13.94,Email,L3-Database,Yes,2026-09-16T01:54:03.545039+00:00
1427,Database queries are timing out,the issue is affecting reporting and analytics. The problem is reproducible from the production environment.,Medium,Database,Data Services,PostgreSQL,Business,7.77,Email,L3-Database,Yes,2026-08-26T00:42:17.626395+00:00
1428,Checkout returns an error,the UI shows an unexpected error message. The issue is currently affecting several users.,High,Application,Customer Portal,Notifications,Standard,28.14,Email,L2-Application,Yes,2026-08-29T20:33:07.719318+00:00
1429,Docking station disconnects,the peripheral is intermittently unavailable. The customer has already tried restarting the service.,Medium,Hardware,Workplace IT,Laptop,Standard,23.35,Email,L1-Hardware,Yes,2026-09-17T05:09:32.078505+00:00
1430,Search results fail to load,logs contain repeated server errors. The support team has attached the latest logs.,Medium,Application,Customer Portal,API,Enterprise,4.63,Email,L2-Application,No,2026-09-10T04:08:35.061454+00:00
1431,Search results fail to load,logs contain repeated server errors. The problem is reproducible from the production environment.,High,Application,Customer Portal,Search,Standard,21.81,Portal,L2-Application,Yes,2026-08-26T07:43:38.437531+00:00
1432,MFA challenge is failing,the user receives an access denied response. The customer has already tried restarting the service.,Medium,Access,Identity,Permissions,Enterprise,30.94,Jira,Security,Yes,2026-09-16T18:31:59.591302+00:00
1433,Notification jobs are delayed,logs contain repeated server errors. The problem is reproducible from the production environment.,Medium,Application,Customer Portal,Search,Standard,21.8,Email,L2-Application,Yes,2026-08-28T23:01:10.783312+00:00
1434,Load balancer health checks failing,packets appear to be dropped intermittently. The support team has attached the latest logs.,High,Network,Platform,Firewall,Business,26.44,Jira,L2-Network,Yes,2026-09-05T02:39:09.912410+00:00
1435,Password reset link is invalid,login works for other accounts but not this user. The issue is currently affecting several users.,Low,Access,Identity,Password Reset,Enterprise,4.48,Jira,Security,No,2026-08-21T22:44:33.649485+00:00
1436,Reports are running much slower,connections remain open after requests finish. The customer has already tried restarting the service.,Medium,Database,Data Services,Replication,Business,1.99,Portal,L3-Database,No,2026-08-30T01:09:12.527785+00:00
1437,Database connection pool is exhausted,replica data is several minutes behind primary. The issue is currently affecting several users.,High,Database,Data Services,MySQL,Enterprise,4.25,Email,L3-Database,Yes,2026-09-02T01:40:42.793648+00:00
1438,Firewall blocks application traffic,users cannot stay connected to the corporate network. The support team has attached the latest logs.,High,Network,Platform,Load Balancer,Business,21.19,Email,L2-Network,Yes,2026-09-11T01:55:34.576638+00:00
1439,Keyboard stops responding,the device worked earlier in the day. The support team has attached the latest logs.,High,Hardware,Workplace IT,Printer,Business,22.95,Chat,L1-Hardware,Yes,2026-08-31T09:09:48.202977+00:00
1440,MFA challenge is failing,the account may have incorrect permissions. The issue is currently affecting several users.,Medium,Access,Identity,Permissions,Enterprise,33.76,Jira,Security,Yes,2026-08-24T19:39:35.286387+00:00
1441,Search results fail to load,customers are unable to complete the workflow. This started after a recent configuration change.,Low,Application,Customer Portal,Authentication,Business,29.47,Portal,L2-Application,Yes,2026-08-24T14:49:03.522510+00:00
1442,Docking station disconnects,restarting the device did not resolve the problem. The issue is currently affecting several users.,Medium,Hardware,Workplace IT,Laptop,Enterprise,8.75,Jira,L1-Hardware,No,2026-08-22T23:37:45.652008+00:00
1443,Database connection pool is exhausted,the scheduled backup did not complete successfully. The customer has already tried restarting the service.,Low,Database,Data Services,Backup,Business,11.75,Email,L3-Database,No,2026-09-13T17:43:00.769328+00:00
1444,Replication is lagging,the issue is affecting reporting and analytics. The problem is reproducible from the production environment.,Low,Database,Data Services,PostgreSQL,Standard,32.97,Portal,L3-Database,Yes,2026-09-09T23:07:23.819470+00:00
1445,Keyboard stops responding,the issue affects a single employee workstation. The customer has already tried restarting the service.,Low,Hardware,Workplace IT,Monitor,Standard,8.85,Portal,L1-Hardware,No,2026-09-07T12:59:10.957071+00:00
1446,Password reset link is invalid,the account may have incorrect permissions. This started after a recent configuration change.,Medium,Access,Identity,SSO,Business,25.14,Chat,Security,Yes,2026-09-02T00:31:25.925530+00:00
1447,Firewall blocks application traffic,packets appear to be dropped intermittently. This started after a recent configuration change.,Medium,Network,Platform,VPN,Standard,3.14,Jira,L2-Network,No,2026-09-10T02:13:08.485849+00:00
1448,Notification jobs are delayed,customers are unable to complete the workflow. The support team has attached the latest logs.,Low,Application,Customer Portal,Search,Enterprise,14.99,Portal,L2-Application,No,2026-09-01T07:48:23.668923+00:00
1449,Firewall blocks application traffic,the service becomes unreachable every few minutes. The problem is reproducible from the production environment.,Low,Network,Platform,WiFi,Enterprise,33.26,Email,L2-Network,Yes,2026-09-13T22:41:59.840992+00:00
1450,Laptop will not power on,restarting the device did not resolve the problem. The issue is currently affecting several users.,Medium,Hardware,Workplace IT,Keyboard,Business,16.32,Email,L1-Hardware,Yes,2026-09-09T20:58:23.921616+00:00
1451,External monitor is not detected,restarting the device did not resolve the problem. The issue is currently affecting several users.,Low,Hardware,Workplace IT,Laptop,Standard,16.21,Chat,L1-Hardware,No,2026-08-27T19:28:55.364232+00:00
1452,Docking station disconnects,restarting the device did not resolve the problem. This started after a recent configuration change.,Low,Hardware,Workplace IT,Monitor,Enterprise,6.23,Jira,L2-Network,No,2026-09-12T10:17:41.257339+00:00
1453,Firewall blocks application traffic,requests time out from the office network. The problem is reproducible from the production environment.,Low,Network,Platform,VPN,Standard,33.45,Email,L2-Network,Yes,2026-08-29T22:23:01.259987+00:00
1454,Backup job failed overnight,replica data is several minutes behind primary. The customer has already tried restarting the service.,Low,Database,Data Services,MySQL,Enterprise,14.22,Email,L3-Database,Yes,2026-09-10T19:37:32.479669+00:00
1455,Notification jobs are delayed,customers are unable to complete the workflow. The customer has already tried restarting the service.,Medium,Application,Customer Portal,API,Enterprise,30.18,Jira,L2-Network,Yes,2026-09-09T22:05:15.123385+00:00
1456,Notification jobs are delayed,the application worked yesterday but now fails for multiple users. This started after a recent configuration change.,High,Application,Customer Portal,Search,Enterprise,18.88,Chat,L2-Application,Yes,2026-09-08T11:23:59.603122+00:00
1457,Backup job failed overnight,the scheduled backup did not complete successfully. The problem is reproducible from the production environment.,Medium,Database,Data Services,Query Engine,Enterprise,8.34,Portal,L3-Database,Yes,2026-08-27T15:01:10.393006+00:00
1458,Reports are running much slower,the issue is affecting reporting and analytics. The problem is reproducible from the production environment.,High,Database,Data Services,PostgreSQL,Standard,7.61,Jira,L3-Database,Yes,2026-08-25T20:25:30.577267+00:00
1459,Search results fail to load,the UI shows an unexpected error message. The customer has already tried restarting the service.,Low,Application,Customer Portal,Search,Enterprise,32.68,Chat,L2-Application,Yes,2026-09-19T21:11:05.005043+00:00
1460,Database queries are timing out,connections remain open after requests finish. The support team has attached the latest logs.,High,Database,Data Services,Replication,Business,11.32,Portal,L3-Database,Yes,2026-09-16T10:17:36.277917+00:00
1461,Application page shows a blank screen,logs contain repeated server errors. The support team has attached the latest logs.,High,Application,Customer Portal,Notifications,Enterprise,6.26,Jira,L2-Application,Yes,2026-09-11T12:29:17.976906+00:00
1462,Printer is unavailable,restarting the device did not resolve the problem. The problem is reproducible from the production environment.,Low,Hardware,Workplace IT,Dock,Enterprise,9.1,Jira,L1-Hardware,No,2026-08-31T10:34:48.210163+00:00
1463,MFA challenge is failing,the user receives an access denied response. The customer has already tried restarting the service.,Medium,Access,Identity,Password Reset,Enterprise,23.91,Email,Security,Yes,2026-08-24T01:10:54.209104+00:00
1464,Laptop will not power on,restarting the device did not resolve the problem. This started after a recent configuration change.,Medium,Hardware,Workplace IT,Dock,Enterprise,28.34,Chat,L1-Hardware,Yes,2026-09-12T21:59:21.636557+00:00
1465,Database connection pool is exhausted,replica data is several minutes behind primary. The customer has already tried restarting the service.,High,Database,Data Services,Replication,Enterprise,31.13,Chat,L3-Database,Yes,2026-08-24T19:49:49.923559+00:00
1466,Database connection pool is exhausted,replica data is several minutes behind primary. The problem is reproducible from the production environment.,Medium,Database,Data Services,Backup,Enterprise,0.87,Email,L3-Database,Yes,2026-09-18T19:23:01.906030+00:00
1467,Checkout returns an error,customers are unable to complete the workflow. The problem is reproducible from the production environment.,Medium,Application,Customer Portal,Authentication,Enterprise,27.62,Chat,L2-Application,Yes,2026-09-11T00:35:02.445157+00:00
1468,Docking station disconnects,the issue affects a single employee workstation. The problem is reproducible from the production environment.,Medium,Hardware,Workplace IT,Keyboard,Business,34.34,Chat,L1-Hardware,Yes,2026-09-19T20:53:49.298292+00:00
1469,Printer is unavailable,the device worked earlier in the day. The problem is reproducible from the production environment.,Low,Hardware,Workplace IT,Laptop,Standard,8.32,Portal,L1-Hardware,No,2026-08-22T14:42:08.682468+00:00
1470,MFA challenge is failing,the user receives an access denied response. The issue is currently affecting several users.,Low,Access,Identity,MFA,Business,26.08,Chat,Security,Yes,2026-09-13T05:56:46.765222+00:00
1471,Load balancer health checks failing,connections fail after authentication. The support team has attached the latest logs.,Low,Network,Platform,Firewall,Business,27.32,Jira,L2-Network,No,2026-09-09T23:50:33.270402+00:00
1472,API requests return HTTP 500,the same request succeeds after a retry. The customer has already tried restarting the service.,Medium,Application,Customer Portal,Checkout,Business,19.97,Chat,L2-Network,Yes,2026-09-08T19:00:21.818881+00:00
1473,Password reset link is invalid,login works for other accounts but not this user. This started after a recent configuration change.,Low,Access,Identity,Password Reset,Business,5.65,Email,Security,No,2026-09-20T03:56:02.022821+00:00
1474,Load balancer health checks failing,the service becomes unreachable every few minutes. The issue is currently affecting several users.,Medium,Network,Platform,Firewall,Standard,23.56,Email,L2-Network,Yes,2026-09-05T00:30:07.813052+00:00
1475,Load balancer health checks failing,requests time out from the office network. The customer has already tried restarting the service.,Low,Network,Platform,DNS,Business,19.34,Email,L2-Network,Yes,2026-09-12T22:37:27.924605+00:00
1476,VPN connection drops repeatedly,users cannot stay connected to the corporate network. The problem is reproducible from the production environment.,Medium,Network,Platform,DNS,Standard,21.19,Jira,L2-Network,Yes,2026-09-02T01:14:30.115833+00:00
1477,Keyboard stops responding,the device worked earlier in the day. The issue is currently affecting several users.,Low,Hardware,Workplace IT,Printer,Enterprise,31.58,Portal,L1-Hardware,Yes,2026-09-16T19:49:29.715340+00:00
1478,Notification jobs are delayed,the UI shows an unexpected error message. The issue is currently affecting several users.,High,Application,Customer Portal,Authentication,Business,25.54,Email,L2-Network,Yes,2026-09-17T15:10:24.469464+00:00
1479,Application page shows a blank screen,logs contain repeated server errors. The customer has already tried restarting the service.,Medium,Application,Customer Portal,Authentication,Enterprise,15.64,Jira,L2-Application,Yes,2026-09-12T14:05:53.410269+00:00
1480,VPN connection drops repeatedly,packets appear to be dropped intermittently. The customer has already tried restarting the service.,Medium,Network,Platform,WiFi,Standard,4.36,Jira,L2-Network,No,2026-09-14T08:21:16.617031+00:00
1481,DNS resolution failing for internal service,connections fail after authentication. This started after a recent configuration change.,High,Network,Platform,VPN,Standard,4.75,Jira,L2-Network,No,2026-09-12T23:30:18.640112+00:00
1482,Intermittent network connectivity,connections fail after authentication. The problem is reproducible from the production environment.,Low,Network,Platform,Firewall,Standard,19.51,Portal,L2-Application,Yes,2026-09-20T02:48:25.281983+00:00
1483,Reports are running much slower,the issue is affecting reporting and analytics. This started after a recent configuration change.,High,Database,Data Services,Query Engine,Business,6.34,Portal,L3-Database,Yes,2026-09-11T02:40:43.011144+00:00
1484,Application page shows a blank screen,customers are unable to complete the workflow. The issue is currently affecting several users.,Medium,Application,Customer Portal,Search,Business,14.87,Jira,L2-Application,Yes,2026-08-27T07:53:13.241834+00:00
1485,Application page shows a blank screen,the UI shows an unexpected error message. The customer has already tried restarting the service.,High,Application,Customer Portal,API,Enterprise,29.87,Chat,L1-General,Yes,2026-08-25T17:42:20.977638+00:00
1486,Load balancer health checks failing,the service becomes unreachable every few minutes. This started after a recent configuration change.,Medium,Network,Platform,VPN,Business,0.21,Chat,L2-Network,No,2026-09-20T03:03:05.402162+00:00
1487,API requests return HTTP 500,customers are unable to complete the workflow. The support team has attached the latest logs.,Low,Application,Customer Portal,Checkout,Standard,23.03,Portal,L2-Application,Yes,2026-08-28T09:15:01.317772+00:00
1488,API requests return HTTP 500,customers are unable to complete the workflow. This started after a recent configuration change.,Low,Application,Customer Portal,Checkout,Enterprise,27.24,Portal,L2-Application,Yes,2026-09-08T04:56:06.567718+00:00
1489,VPN connection drops repeatedly,packets appear to be dropped intermittently. The customer has already tried restarting the service.,Medium,Network,Platform,Load Balancer,Standard,25.86,Email,L2-Network,Yes,2026-08-25T10:59:39.015859+00:00
1490,MFA challenge is failing,the event should be reviewed for security impact. This started after a recent configuration change.,Medium,Access,Identity,Permissions,Enterprise,3.68,Chat,L2-Application,Yes,2026-08-31T07:40:50.253817+00:00
1491,Keyboard stops responding,the device worked earlier in the day. The problem is reproducible from the production environment.,Medium,Hardware,Workplace IT,Laptop,Enterprise,4.08,Chat,L1-Hardware,No,2026-09-13T18:37:21.527246+00:00
1492,Docking station disconnects,restarting the device did not resolve the problem. The customer has already tried restarting the service.,Low,Hardware,Workplace IT,Printer,Business,24.66,Jira,L1-Hardware,Yes,2026-09-09T02:23:32.436606+00:00
1493,API requests return HTTP 500,customers are unable to complete the workflow. The problem is reproducible from the production environment.,Low,Application,Customer Portal,Authentication,Enterprise,22.43,Jira,L2-Application,Yes,2026-09-19T23:57:40.109247+00:00
1494,Backup job failed overnight,transactions are waiting longer than expected. This started after a recent configuration change.,Low,Database,Data Services,Backup,Business,20.47,Portal,L3-Database,Yes,2026-08-24T11:50:19.893359+00:00
1495,API requests return HTTP 500,customers are unable to complete the workflow. The problem is reproducible from the production environment.,Medium,Application,Customer Portal,Search,Enterprise,30.44,Email,L2-Network,Yes,2026-08-30T20:03:21.113023+00:00
1496,DNS resolution failing for internal service,users cannot stay connected to the corporate network. The support team has attached the latest logs.,Low,Network,Platform,WiFi,Standard,7.73,Email,L2-Network,No,2026-08-24T04:44:24.999552+00:00
1497,Search results fail to load,customers are unable to complete the workflow. The customer has already tried restarting the service.,Low,Application,Customer Portal,API,Business,2.88,Chat,L2-Application,No,2026-09-14T14:32:17.530463+00:00
1498,Notification jobs are delayed,the application worked yesterday but now fails for multiple users. The problem is reproducible from the production environment.,Medium,Application,Customer Portal,Authentication,Standard,21.1,Chat,L2-Application,Yes,2026-08-23T06:03:01.588154+00:00
1499,Application page shows a blank screen,the UI shows an unexpected error message. The customer has already tried restarting the service.,High,Application,Customer Portal,Checkout,Enterprise,20.24,Chat,L2-Application,Yes,2026-08-29T09:05:02.084577+00:00
1500,Replication is lagging,connections remain open after requests finish. The customer has already tried restarting the service.,Medium,Database,Data Services,MySQL,Enterprise,1.06,Email,L3-Database,No,2026-09-16T06:20:28.207941+00:00
